date,station,avg_temp,min_temp,max_temp
2018-01-01,131,-0.2,-4.3,4.7
2018-01-02,131,-0.7,-4.2,2.9
2018-01-03,131,-2.6,-5,1.2
2018-01-04,131,-3.2,-6.2,-0.9
2018-01-05,131,-1.2,-3.7,3.3
2018-01-06,131,-0.8,-4.2,3.9
2018-01-07,131,-1.6,-6.9,2
2018-01-08,131,0.9,-0.9,2.2
2018-01-09,131,-2.6,-4.5,-0.3
2018-01-10,131,-5.5,-9.1,-2.1
2018-01-11,131,-9.3,-11.1,-5.8
2018-01-12,131,-9.5,-15.3,-5.9
2018-01-13,131,-4.3,-7.8,-0.5
2018-01-14,131,-2.1,-9.3,4.6
2018-01-15,131,4,0.4,8.8
2018-01-16,131,3.2,-0.1,6.4
2018-01-17,131,3.9,1.9,5.6
2018-01-18,131,3.5,0.9,6
2018-01-19,131,1.1,-2,5.8
2018-01-20,131,1.7,-3.8,7.3
2018-01-21,131,0.6,-3.4,5.4
2018-01-22,131,2.6,-1.6,8.1
2018-01-23,131,-8.1,-10.8,-1.6
2018-01-24,131,-11.9,-14,-8.3
2018-01-25,131,-12,-14.9,-7.9
2018-01-26,131,-12.6,-15,-9.2
2018-01-27,131,-9,-15.8,-2.4
2018-01-28,131,-4.3,-6.6,0.3
2018-01-29,131,-6.8,-8.5,-4
2018-01-30,131,-4.1,-10.2,1.7
2018-01-31,131,-0.6,-3.6,2.9
2018-02-01,131,-2,-6.7,2.9
2018-02-02,131,-2.3,-7.9,3.8
2018-02-03,131,-5.4,-8.6,-2.3
2018-02-04,131,-7.9,-10.3,-4.9
2018-02-05,131,-8,-11.1,-4.5
2018-02-06,131,-8.7,-11.6,-5.1
2018-02-07,131,-7.6,-13.9,-2.1
2018-02-08,131,-3.8,-10.8,3.3
2018-02-09,131,0.9,-6.1,7.7
2018-02-10,131,-0.1,-5.5,5.3
2018-02-11,131,-5.1,-7.7,-0.8
2018-02-12,131,-5.9,-10.2,-3
2018-02-13,131,-1.3,-7.1,3.7
2018-02-14,131,4.2,-2.2,10.5
2018-02-15,131,0.2,-2.4,5.4
2018-02-16,131,0,-5.4,5.8
2018-02-17,131,-1.9,-4.4,2
2018-02-18,131,-0.1,-3.4,3.7
2018-02-19,131,2.1,-3.5,8.1
2018-02-20,131,1.8,-2.6,7
2018-02-21,131,-0.1,-3.1,4.4
2018-02-22,131,1.3,-5.2,7.5
2018-02-23,131,5.2,-0.2,10
2018-02-24,131,5.4,1.1,10.9
2018-02-25,131,3.3,-0.6,9.5
2018-02-26,131,3.7,-4,11.4
2018-02-27,131,6.1,-1.6,13.5
2018-02-28,131,5.3,1.6,9.3
2018-03-01,131,1.1,-2.7,5.3
2018-03-02,131,0.7,-5.2,6.9
2018-03-03,131,8.1,-1.7,17.8
2018-03-04,131,13.5,8.4,21.5
2018-03-05,131,5.6,2,11.4
2018-03-06,131,5.3,-0.4,11.4
2018-03-07,131,5.7,2.4,9.6
2018-03-08,131,2.7,0.2,6.8
2018-03-09,131,3.8,1.7,7.7
2018-03-10,131,4.3,-1,11.2
2018-03-11,131,7.4,3.1,14.2
2018-03-12,131,8.9,0.3,17.4
2018-03-13,131,12.4,3,20.7
2018-03-14,131,15.9,8,23.4
2018-03-15,131,12.8,9.1,15.3
2018-03-16,131,5.7,3.6,9.1
2018-03-17,131,6.9,-0.4,14.5
2018-03-18,131,7.5,3.6,11.5
2018-03-19,131,7.6,5.4,9.7
2018-03-20,131,5.9,2.9,10.2
2018-03-21,131,1.4,-0.6,3.9
2018-03-22,131,5.3,0.3,11.9
2018-03-23,131,6.2,0,13.9
2018-03-24,131,8.7,2.5,16.1
2018-03-25,131,10.4,3.6,19.5
2018-03-26,131,11.9,3.7,19.9
2018-03-27,131,14.2,6.6,21.9
2018-03-28,131,15.3,9,22.1
2018-03-29,131,15.9,10.5,21.4
2018-03-30,131,15.4,11.2,21.4
2018-03-31,131,16.1,9.8,23.5
2018-04-01,131,16,10.2,20.7
2018-04-02,131,18.6,11.8,25.6
2018-04-03,131,19.3,14,26.1
2018-04-04,131,12.7,9.7,18.1
2018-04-05,131,8.5,7.1,9.7
2018-04-06,131,7.3,3.2,12.1
2018-04-07,131,5.2,2.9,9.4
2018-04-08,131,8.1,1,13.3
2018-04-09,131,11.6,5.6,17.7
2018-04-10,131,16.5,6.6,24.2
2018-04-11,131,14.9,10.9,20.1
2018-04-12,131,13.9,7.3,20.8
2018-04-13,131,13.9,5.9,19.4
2018-04-14,131,8.8,7.1,13.3
2018-04-15,131,10,6.3,16.2
2018-04-16,131,11.9,4.8,18.7
2018-04-17,131,13.7,8.8,20.2
2018-04-18,131,14,6.7,21.8
2018-04-19,131,15.8,7,24.2
2018-04-20,131,19.9,10.8,29.5
2018-04-21,131,20.2,12.1,29.6
2018-04-22,131,17.1,12.6,21
2018-04-23,131,11.4,10.3,17.3
2018-04-24,131,12.2,9.8,15.6
2018-04-25,131,14.8,6.9,22.5
2018-04-26,131,16,9.4,24
2018-04-27,131,16.2,9.7,23.1
2018-04-28,131,16.9,10.9,24.6
2018-04-29,131,17.2,8.3,26.3
2018-04-30,131,19.8,12.7,27.1
2018-05-01,131,20.9,16.7,25.7
2018-05-02,131,17.2,11.2,23.8
2018-05-03,131,12.6,9,17.4
2018-05-04,131,15.3,8.3,22
2018-05-05,131,19,11.4,26.7
2018-05-06,131,15.8,14.7,19.8
2018-05-07,131,18.2,15.1,22.5
2018-05-08,131,17.1,13.5,21.3
2018-05-09,131,16.1,9.7,22.1
2018-05-10,131,16.5,11.3,23.7
2018-05-11,131,17.1,11.3,24.3
2018-05-12,131,15.7,13.1,17.6
2018-05-13,131,17.4,15.1,20.4
2018-05-14,131,20.4,13.9,26.9
2018-05-15,131,24,16.2,30.1
2018-05-16,131,25.3,22.4,27.2
2018-05-17,131,26.3,24.7,31.1
2018-05-18,131,19.3,14.5,25.2
2018-05-19,131,17.6,12.8,22.2
2018-05-20,131,17.8,11.2,23.1
2018-05-21,131,17.5,12.7,21.7
2018-05-22,131,18.9,14.5,25
2018-05-23,131,18.9,15.1,23.1
2018-05-24,131,19.5,11.9,27.2
2018-05-25,131,20.4,13.6,26.4
2018-05-26,131,22,14,30.5
2018-05-27,131,21.3,17.4,26.5
2018-05-28,131,23,15.5,30.6
2018-05-29,131,23.3,20.2,28.2
2018-05-30,131,21.9,18.3,28.6
2018-05-31,131,21.2,15.2,26.9
2018-06-01,131,24.2,17.4,30.5
2018-06-02,131,24.2,17.6,31.1
2018-06-03,131,24.1,16.5,31.1
2018-06-04,131,23.5,19.1,29.3
2018-06-05,131,23.9,19.6,28.7
2018-06-06,131,24.2,19.5,30.5
2018-06-07,131,23.9,19.1,30
2018-06-08,131,21.9,18.5,26.4
2018-06-09,131,23,18.1,28.2
2018-06-10,131,21.5,19.2,25.2
2018-06-11,131,20.6,18.7,23.2
2018-06-12,131,22,18.5,27.4
2018-06-13,131,23.1,17.5,28.1
2018-06-14,131,22.5,19.4,26.9
2018-06-15,131,21.8,18.4,26.3
2018-06-16,131,22.3,16.6,28.6
2018-06-17,131,23.3,18.2,29.3
2018-06-18,131,25.7,20.7,31.6
2018-06-19,131,21.5,19.7,24.9
2018-06-20,131,23.4,19.5,28.9
2018-06-21,131,24.1,19.3,29.9
2018-06-22,131,25.7,18.6,32
2018-06-23,131,25.1,20.6,31.3
2018-06-24,131,26.3,20.2,33.4
2018-06-25,131,27.3,20.7,33.4
2018-06-26,131,23.6,20.9,26
2018-06-27,131,25.5,22.5,30.5
2018-06-28,131,24.7,23.2,26.8
2018-06-29,131,26.3,21.9,31.5
2018-06-30,131,25.7,23.6,29.4
2018-07-01,131,22.1,20.3,26
2018-07-02,131,23,20.7,25.8
2018-07-03,131,26.7,22.9,31
2018-07-04,131,26.1,24.3,31.1
2018-07-05,131,25.7,23.1,31.5
2018-07-06,131,23.7,21.8,25.6
2018-07-07,131,23.7,19.6,28.6
2018-07-08,131,22.7,18.5,27.1
2018-07-09,131,20.8,19.4,22.6
2018-07-10,131,26.2,21.4,30.6
2018-07-11,131,28.7,25.7,32.7
2018-07-12,131,29,25.7,32.6
2018-07-13,131,29,26.1,33.7
2018-07-14,131,29.1,25.5,34
2018-07-15,131,29.7,25.5,34.2
2018-07-16,131,29.5,24.8,34.7
2018-07-17,131,28.9,25.4,33.8
2018-07-18,131,29.1,25,34.5
2018-07-19,131,29.2,24.9,34.5
2018-07-20,131,30.1,24.5,35.4
2018-07-21,131,31.3,26.1,37.1
2018-07-22,131,31.4,25.8,37.8
2018-07-23,131,30.9,27.4,35.4
2018-07-24,131,31.6,26.6,37.1
2018-07-25,131,31,28.1,34.7
2018-07-26,131,30.8,26.8,35.4
2018-07-27,131,31.2,26.9,36.6
2018-07-28,131,29.1,24.8,35.9
2018-07-29,131,30.3,25.8,35.6
2018-07-30,131,30.7,25.9,35.5
2018-07-31,131,31.5,25.5,36.7
2018-08-01,131,32.7,26.6,38.3
2018-08-02,131,33,27.9,37.9
2018-08-03,131,32.7,28.9,38.2
2018-08-04,131,30.7,28.2,34.9
2018-08-05,131,30.1,27,34.7
2018-08-06,131,30.3,27.3,35.1
2018-08-07,131,31,27.9,35.8
2018-08-08,131,30.8,27.3,35.7
2018-08-09,131,29.8,26.7,34.4
2018-08-10,131,30.5,27,35.6
2018-08-11,131,29.8,26.7,33.8
2018-08-12,131,30.1,25.7,34.8
2018-08-13,131,31.9,26.7,37.1
2018-08-14,131,32.4,28,37.1
2018-08-15,131,33.1,28,39.1
2018-08-16,131,29.8,25.9,36
2018-08-17,131,26.8,22.8,31.7
2018-08-18,131,26.6,20.8,31.6
2018-08-19,131,27.6,22.5,32.8
2018-08-20,131,28.9,24.2,35.1
2018-08-21,131,27.6,26.2,29.9
2018-08-22,131,30.8,23.6,38.1
2018-08-23,131,29.8,26.8,33.4
2018-08-24,131,25,23.8,27.1
2018-08-25,131,24.7,22.9,27.8
2018-08-26,131,21.5,19.7,24.7
2018-08-27,131,23.2,20,26.9
2018-08-28,131,26.1,24.1,29.8
2018-08-29,131,27.9,24.7,32.1
2018-08-30,131,26.2,23.9,30.4
2018-08-31,131,23.1,19,27.3
2018-09-01,131,24.8,19.5,29.9
2018-09-02,131,24.3,19.6,28.2
2018-09-03,131,24.5,21.8,30.2
2018-09-04,131,24.1,21.5,28.2
2018-09-05,131,24.1,19.7,29.6
2018-09-06,131,23.6,19.9,28.1
2018-09-07,131,21.7,17.2,26
2018-09-08,131,21.2,15.1,27
2018-09-09,131,21.7,15.7,27.9
2018-09-10,131,22.2,17.3,27.2
2018-09-11,131,20.6,15.5,25.1
2018-09-12,131,22.3,15.9,27.8
2018-09-13,131,22.3,20.2,24.8
2018-09-14,131,21.6,19.4,25.1
2018-09-15,131,21.9,20.8,23.9
2018-09-16,131,22.5,21,25
2018-09-17,131,22.9,20.2,27.6
2018-09-18,131,22,17.1,27.5
2018-09-19,131,21.3,16.9,24.3
2018-09-20,131,20.1,17.2,22.2
2018-09-21,131,19.4,17.8,21.6
2018-09-22,131,21.2,17.3,26.6
2018-09-23,131,19.6,14.7,26.7
2018-09-24,131,17.5,13.8,22.7
2018-09-25,131,17.6,10.7,24.4
2018-09-26,131,18.6,14.6,23.6
2018-09-27,131,18.4,12.3,24.8
2018-09-28,131,17.8,13.3,21.6
2018-09-29,131,20,13.9,26.6
2018-09-30,131,18,15.1,24.1
2018-10-01,131,14.9,11.8,18.6
2018-10-02,131,16,11,21.3
2018-10-03,131,16.3,10.1,23.1
2018-10-04,131,19.7,13,25.9
2018-10-05,131,17.2,15,20.5
2018-10-06,131,18.4,16.8,22.2
2018-10-07,131,17.7,14.1,22.7
2018-10-08,131,14.4,9.3,20.4
2018-10-09,131,15.2,10,20.3
2018-10-10,131,14.4,10.6,16.9
2018-10-11,131,11.2,6.3,15.1
2018-10-12,131,11.2,5.8,17.4
2018-10-13,131,12.3,5.5,19.8
2018-10-14,131,13.5,7.5,19.9
2018-10-15,131,15,9.4,21.4
2018-10-16,131,13.7,10.8,18.9
2018-10-17,131,12.8,8.1,19.2
2018-10-18,131,11.1,5.8,17.3
2018-10-19,131,12.7,7.7,18.1
2018-10-20,131,12.9,6.5,20.8
2018-10-21,131,12.8,6,20.7
2018-10-22,131,13.8,8.1,20
2018-10-23,131,11.7,8.1,18.2
2018-10-24,131,12.3,7.3,18.3
2018-10-25,131,13.3,6.6,21.6
2018-10-26,131,12,10.8,13.4
2018-10-27,131,9.8,7.6,12.8
2018-10-28,131,10.6,6.3,16.2
2018-10-29,131,9.7,6.6,13.8
2018-10-30,131,7.4,2.9,11.8
2018-10-31,131,8.3,4.8,13.2
2018-11-01,131,7.9,1.6,15.7
2018-11-02,131,9.9,2.8,18.3
2018-11-03,131,10.7,4,19.2
2018-11-04,131,11,4.1,19.3
2018-11-05,131,11.1,4.8,18.2
2018-11-06,131,12.2,6.2,19.1
2018-11-07,131,12.7,10.6,14
2018-11-08,131,14,12.5,16.2
2018-11-09,131,12.4,9.4,16.2
2018-11-10,131,12.3,7.8,19.2
2018-11-11,131,9,4.3,11.5
2018-11-12,131,9.3,5.1,14.8
2018-11-13,131,9,4,15.4
2018-11-14,131,9.5,4.4,16.1
2018-11-15,131,9.7,3.9,16.3
2018-11-16,131,9.9,6,15.6
2018-11-17,131,7.1,2.8,12.2
2018-11-18,131,6.3,0.7,11.3
2018-11-19,131,8.5,3.6,13.3
2018-11-20,131,7,1.1,13.4
2018-11-21,131,4.4,2.6,7
2018-11-22,131,3.8,-0.9,8.3
2018-11-23,131,2.5,-1.6,7.4
2018-11-24,131,4,0.3,6.6
2018-11-25,131,6.9,4.3,11.8
2018-11-26,131,5.7,-0.2,13.1
2018-11-27,131,7.8,0.4,14.2
2018-11-28,131,6.1,2.2,10.1
2018-11-29,131,5.1,-0.3,9.6
2018-11-30,131,4.9,0.1,10.1
2018-12-01,131,5.3,0.6,11
2018-12-02,131,7.7,1.4,14.6
2018-12-03,131,11.8,8.5,14.2
2018-12-04,131,9,2.9,13.7
2018-12-05,131,1.7,-1.4,4.1
2018-12-06,131,2.8,0,6
2018-12-07,131,-4.7,-6.8,2.2
2018-12-08,131,-6.2,-9.2,-3
2018-12-09,131,-5.7,-9.9,-1.2
2018-12-10,131,-2.5,-8.3,3.4
2018-12-11,131,-1.2,-2.3,0.2
2018-12-12,131,-0.9,-3.3,2.8
2018-12-13,131,-1.3,-5.3,4.4
2018-12-14,131,-2.9,-6.8,1.4
2018-12-15,131,-2.7,-8.5,3.1
2018-12-16,131,0.2,-3.3,4.3
2018-12-17,131,3.1,-0.1,7.5
2018-12-18,131,2.9,-1.7,8.3
2018-12-19,131,5.8,1.5,11.8
2018-12-20,131,4.1,1.3,9.6
2018-12-21,131,4.6,-1.4,10.3
2018-12-22,131,7,2,12.9
2018-12-23,131,5,-0.3,9.2
2018-12-24,131,-0.7,-4,4
2018-12-25,131,-0.6,-5.9,3.9
2018-12-26,131,1.2,-2.3,5
2018-12-27,131,-7,-8.8,-2.3
2018-12-28,131,-9,-11.6,-5.2
2018-12-29,131,-6,-9.9,-2.3
2018-12-30,131,-5.7,-10.3,-0.5
2018-12-31,131,-4.7,-10.4,1.8
2019-01-01,131,-2.7,-5.5,0.3
2019-01-02,131,-3.1,-7.2,1.5
2019-01-03,131,-2.5,-8.1,3.9
2019-01-04,131,-1.2,-7.2,3.8
2019-01-05,131,-0.7,-4.3,3
2019-01-06,131,-2.3,-7.1,3.9
2019-01-07,131,-1,-6.9,3.9
2019-01-08,131,-1.8,-5.5,2.3
2019-01-09,131,-3.6,-8.6,1.5
2019-01-10,131,-1,-3.4,1.4
2019-01-11,131,2.6,-1.9,6.7
2019-01-12,131,4.3,1.7,8.5
2019-01-13,131,1.8,-3.4,8
2019-01-14,131,1.3,-1.8,4.7
2019-01-15,131,-0.3,-5.3,4
2019-01-16,131,-3.8,-7.2,-0.4
2019-01-17,131,0.6,-2.4,4.8
2019-01-18,131,0.8,-5,6.7
2019-01-19,131,2.1,-3,7.8
2019-01-20,131,0.5,-3.2,3.9
2019-01-21,131,0.1,-5.9,6
2019-01-22,131,3.2,-1.1,8.8
2019-01-23,131,2.7,-1.4,8.5
2019-01-24,131,1.1,-4,6.9
2019-01-25,131,-0.6,-4.1,4.9
2019-01-26,131,-2.1,-4.9,2.6
2019-01-27,131,-0.8,-8.4,6.1
2019-01-28,131,1.7,-1.4,5
2019-01-29,131,0.4,-6,7.2
2019-01-30,131,2.5,-2.7,8.7
2019-01-31,131,-0.2,-4.3,3.2
2019-02-01,131,-1.1,-6.1,4.8
2019-02-02,131,1.5,-4.9,7.2
2019-02-03,131,4.4,2.2,7.2
2019-02-04,131,1.4,-0.9,5.2
2019-02-05,131,3.4,-4.2,11.9
2019-02-06,131,6.1,-0.9,12.5
2019-02-07,131,0.5,-5.5,7
2019-02-08,131,-3.9,-7.9,1.6
2019-02-09,131,-3.3,-5.5,-0.1
2019-02-10,131,-2.9,-7.1,2.3
2019-02-11,131,-1.7,-4.9,2.3
2019-02-12,131,-0.2,-4.8,5.3
2019-02-13,131,-0.3,-3,4
2019-02-14,131,0.9,-3.9,7
2019-02-15,131,1,-0.7,3.4
2019-02-16,131,-1.4,-3,1.7
2019-02-17,131,-0.6,-5.4,5
2019-02-18,131,1.8,-4.6,6.5
2019-02-19,131,1.6,0.5,4.3
2019-02-20,131,2.3,0.2,6.2
2019-02-21,131,2.3,-2.3,7.5
2019-02-22,131,3.5,-1.4,9.6
2019-02-23,131,5.9,-0.7,13.6
2019-02-24,131,6.6,-0.3,13.8
2019-02-25,131,5.7,2,11.2
2019-02-26,131,5.6,-1,12.1
2019-02-27,131,7,4,11.9
2019-02-28,131,6.5,0.3,12.8
2019-03-01,131,6.2,-1.4,13.6
2019-03-02,131,7.7,-0.4,15.3
2019-03-03,131,9.2,1.2,15.5
2019-03-04,131,10.3,5.4,15.9
2019-03-05,131,8.7,3.1,13.8
2019-03-06,131,9.4,5.1,14.8
2019-03-07,131,7.1,3.7,12.4
2019-03-08,131,7.1,0.8,15
2019-03-09,131,8.2,-0.7,16.7
2019-03-10,131,8.5,5.3,13.1
2019-03-11,131,6.1,1.3,10.4
2019-03-12,131,4.4,0.5,10.3
2019-03-13,131,3.8,-0.9,9
2019-03-14,131,5.9,-1.3,11.2
2019-03-15,131,7.3,2.4,13.1
2019-03-16,131,6.1,2.5,9.8
2019-03-17,131,7.3,2.2,12.6
2019-03-18,131,7.4,-0.5,14.8
2019-03-19,131,11.5,3.4,20
2019-03-20,131,11.2,6.5,16.1
2019-03-21,131,8.5,3.7,12.5
2019-03-22,131,4.3,1.1,8.6
2019-03-23,131,4,-0.2,9.4
2019-03-24,131,5.1,-0.9,12
2019-03-25,131,7.9,1,15.1
2019-03-26,131,11.7,4.5,18.9
2019-03-27,131,14,9.1,20.3
2019-03-28,131,11.2,7.4,17.2
2019-03-29,131,10.9,6.5,17.8
2019-03-30,131,5.7,3.6,10.7
2019-03-31,131,5.4,2.7,8.8
2019-04-01,131,5.9,1,10.5
2019-04-02,131,7.3,0.6,13.9
2019-04-03,131,8,1.3,15.5
2019-04-04,131,9.9,2.1,18.5
2019-04-05,131,11.7,6.5,20.2
2019-04-06,131,11.6,4.5,19.4
2019-04-07,131,14.6,10,20.8
2019-04-08,131,13,7.6,18.9
2019-04-09,131,10.8,5.9,15.8
2019-04-10,131,8.2,5.5,10.3
2019-04-11,131,10.2,5.3,16
2019-04-12,131,12.1,5.9,18.5
2019-04-13,131,12.8,5.5,19.9
2019-04-14,131,10.5,7.5,15.3
2019-04-15,131,12.2,3.8,20.9
2019-04-16,131,15.5,5.3,23.6
2019-04-17,131,16.9,10.1,24.8
2019-04-18,131,15.7,10.8,20.8
2019-04-19,131,14.2,12.1,17.4
2019-04-20,131,16.6,11.3,24
2019-04-21,131,17.4,15.3,20.8
2019-04-22,131,21,11.1,29.8
2019-04-23,131,19.5,15.8,24
2019-04-24,131,18.4,15.1,22.5
2019-04-25,131,15.5,11.4,18.5
2019-04-26,131,9.8,8.8,11.9
2019-04-27,131,12.4,5,18.2
2019-04-28,131,13.1,10.3,17
2019-04-29,131,12,8.6,16.7
2019-04-30,131,16.2,9.5,23.2
2019-05-01,131,16.6,11.3,23
2019-05-02,131,16.7,9.5,24.8
2019-05-03,131,19,9.3,28.8
2019-05-04,131,20.1,12,28.1
2019-05-05,131,19.8,12.8,28.9
2019-05-06,131,14.9,11.1,20.8
2019-05-07,131,15.6,7.5,23
2019-05-08,131,16.5,9.3,23.7
2019-05-09,131,17.9,12.6,24.3
2019-05-10,131,18.7,9.5,27.9
2019-05-11,131,20.7,13.3,28.9
2019-05-12,131,22.1,13.8,28.9
2019-05-13,131,20.7,15.6,26.9
2019-05-14,131,21.1,14.8,28
2019-05-15,131,22.1,16.6,28.6
2019-05-16,131,24.2,17.1,30.7
2019-05-17,131,24.5,19.2,28.2
2019-05-18,131,20.3,17.1,23.7
2019-05-19,131,20.6,18.3,24
2019-05-20,131,17.2,12.3,21.2
2019-05-21,131,18.1,10.3,25.5
2019-05-22,131,20.9,12.8,28.2
2019-05-23,131,23.1,16,30.8
2019-05-24,131,25,17.1,33.4
2019-05-25,131,24.5,19.1,30.6
2019-05-26,131,25.5,18.3,33
2019-05-27,131,18.3,14.6,24.2
2019-05-28,131,19.2,13.8,25.2
2019-05-29,131,21,13.6,28.7
2019-05-30,131,20.5,14.6,26.7
2019-05-31,131,19.7,15.7,25.6
2019-06-01,131,19.4,13.6,23.9
2019-06-02,131,22.3,15.8,28.7
2019-06-03,131,24,16.2,30.6
2019-06-04,131,24.5,19.1,31.8
2019-06-05,131,24.4,18.6,31.6
2019-06-06,131,22.2,17.7,28.3
2019-06-07,131,19.3,16.8,22.9
2019-06-08,131,22.4,17,28.2
2019-06-09,131,22.5,18.1,28.9
2019-06-10,131,19.4,15.1,22.7
2019-06-11,131,21.1,17.2,25.9
2019-06-12,131,21.9,16.2,28
2019-06-13,131,23.9,17.6,30.6
2019-06-14,131,22.6,19.7,26.1
2019-06-15,131,22.3,18.1,27.2
2019-06-16,131,22.2,16.7,28.3
2019-06-17,131,22.4,17.8,28.2
2019-06-18,131,22.2,19.2,25.9
2019-06-19,131,22.8,20.1,27.1
2019-06-20,131,23.5,19.3,29.2
2019-06-21,131,23.9,20.5,28.7
2019-06-22,131,24.4,19,30.2
2019-06-23,131,24.7,18.7,30.1
2019-06-24,131,25.5,20.5,31.6
2019-06-25,131,26.4,20.1,33
2019-06-26,131,23,21.5,25.1
2019-06-27,131,25.3,21.2,29.5
2019-06-28,131,25.8,22.6,31.2
2019-06-29,131,22.4,21.3,25.7
2019-06-30,131,24.3,21,28.7
2019-07-01,131,24.5,21.8,28
2019-07-02,131,24.5,19,30.4
2019-07-03,131,24.8,20.2,30.1
2019-07-04,131,26,19.8,32.3
2019-07-05,131,27.9,20.6,35.5
2019-07-06,131,28.6,22.5,33.8
2019-07-07,131,25.9,22,31.1
2019-07-08,131,24.9,20.3,29.4
2019-07-09,131,24.8,20.7,29.2
2019-07-10,131,21.8,19.3,25
2019-07-11,131,21.5,19.3,23.3
2019-07-12,131,23.8,20.2,28.4
2019-07-13,131,24.6,21.6,29.7
2019-07-14,131,25.9,21.7,31
2019-07-15,131,24,20.2,28.1
2019-07-16,131,25,20.2,31
2019-07-17,131,26.9,23.7,30.3
2019-07-18,131,26.5,23.4,29.9
2019-07-19,131,27.9,24.7,30.4
2019-07-20,131,26.6,24.2,30.2
2019-07-21,131,25.2,22.6,27.2
2019-07-22,131,28.3,24.8,33.1
2019-07-23,131,29.4,26.2,34.1
2019-07-24,131,28.3,26.3,29.9
2019-07-25,131,26.1,24.7,27.7
2019-07-26,131,27.2,26.1,28.7
2019-07-27,131,28.6,25.8,32.7
2019-07-28,131,26.9,25.6,29.4
2019-07-29,131,29.2,25.6,33.1
2019-07-30,131,29.8,26.8,34
2019-07-31,131,29.8,27.8,33.1
2019-08-01,131,29.5,26.8,33.6
2019-08-02,131,30.3,26.1,35.2
2019-08-03,131,30.4,26.9,36.7
2019-08-04,131,30.6,26.7,36.2
2019-08-05,131,30.8,26.6,35.7
2019-08-06,131,30.7,27.2,34.2
2019-08-07,131,28.7,24,33.9
2019-08-08,131,27.3,25.2,32.7
2019-08-09,131,29.7,25,34.9
2019-08-10,131,30.7,26.2,35.7
2019-08-11,131,30.7,27.7,35
2019-08-12,131,28.8,26.7,32.9
2019-08-13,131,31.2,26.5,35.7
2019-08-14,131,31.3,27.5,35.5
2019-08-15,131,26,24.3,29.3
2019-08-16,131,27.3,25,31.9
2019-08-17,131,26.7,24.2,31
2019-08-18,131,25.8,20.2,31
2019-08-19,131,26.7,21.1,31.9
2019-08-20,131,27.9,23.2,32.1
2019-08-21,131,28,24.3,32.7
2019-08-22,131,26.5,24.1,30.5
2019-08-23,131,25.4,22.7,30.3
2019-08-24,131,23.9,21,27.5
2019-08-25,131,25,20,29.9
2019-08-26,131,26.7,20,31.9
2019-08-27,131,23.1,20.5,26.7
2019-08-28,131,24.8,21.7,29.3
2019-08-29,131,23.1,20.4,27.5
2019-08-30,131,23.4,19.6,28.7
2019-08-31,131,23.8,19.5,28.6
2019-09-01,131,23.8,19.2,28.2
2019-09-02,131,23.6,20.5,27.8
2019-09-03,131,23,20.7,24.8
2019-09-04,131,23.9,21.8,28.2
2019-09-05,131,24.3,21.5,29.3
2019-09-06,131,26.7,22.6,29.4
2019-09-07,131,27.3,23.1,31.3
2019-09-08,131,25.5,23.1,28.9
2019-09-09,131,24.4,23.2,25.2
2019-09-10,131,27.9,24.1,32.1
2019-09-11,131,24.6,22.8,27.2
2019-09-12,131,22,19.8,24.2
2019-09-13,131,23.3,18.2,28.5
2019-09-14,131,23.1,19.8,26.7
2019-09-15,131,25.5,21.6,30.7
2019-09-16,131,25,21,30
2019-09-17,131,23.5,17.5,29.2
2019-09-18,131,22.4,17.7,28.2
2019-09-19,131,20.5,13.8,26.9
2019-09-20,131,20.5,17.1,23.9
2019-09-21,131,17.7,15.6,20.5
2019-09-22,131,16.6,15.1,17.6
2019-09-23,131,18.7,15.3,21.7
2019-09-24,131,18.6,12.8,25.2
2019-09-25,131,19.5,13.6,24.8
2019-09-26,131,21.8,17.7,25.6
2019-09-27,131,22.8,17.5,29.2
2019-09-28,131,24.3,20.7,29.4
2019-09-29,131,22.8,18.5,28.5
2019-09-30,131,22.5,15.7,29
2019-10-01,131,22.9,18.7,27
2019-10-02,131,21.4,20.2,23.5
2019-10-03,131,22.8,19.7,27.9
2019-10-04,131,22.7,19.2,27.7
2019-10-05,131,19.1,17,21.4
2019-10-06,131,18.3,14.6,22.5
2019-10-07,131,15.6,14.3,17.3
2019-10-08,131,16,12.8,22.3
2019-10-09,131,13.9,7.8,20.3
2019-10-10,131,14.4,10.2,18.2
2019-10-11,131,17.6,11.6,24.7
2019-10-12,131,18.3,14.3,24.4
2019-10-13,131,16.7,11.2,22.7
2019-10-14,131,14.9,11.6,20.1
2019-10-15,131,14.8,9.8,20.2
2019-10-16,131,14.9,9.4,20.3
2019-10-17,131,15.4,11.1,20.7
2019-10-18,131,16.3,11.5,21.3
2019-10-19,131,17.4,12.5,23
2019-10-20,131,15.6,11,22
2019-10-21,131,16.4,10.1,23.7
2019-10-22,131,17.4,11.8,23.8
2019-10-23,131,17.1,13.3,20.2
2019-10-24,131,18.8,15.5,23.2
2019-10-25,131,17.7,13.3,22.7
2019-10-26,131,12.3,9.1,16.1
2019-10-27,131,11.1,6,17.1
2019-10-28,131,12.4,5.8,18
2019-10-29,131,13.8,10.6,18.2
2019-10-30,131,11.9,6.9,17.5
2019-10-31,131,13.7,6.4,20.1
2019-11-01,131,15.5,11.6,20.9
2019-11-02,131,14.2,8.6,19.3
2019-11-03,131,14.7,11,20.2
2019-11-04,131,14.2,9.5,20
2019-11-05,131,12.4,7.4,18.5
2019-11-06,131,11.5,5.9,16.8
2019-11-07,131,11,6.6,16.2
2019-11-08,131,7.5,1.3,13.6
2019-11-09,131,8.6,1.6,16.3
2019-11-10,131,9.3,3.7,15.6
2019-11-11,131,11.3,8.6,15.6
2019-11-12,131,9.7,4.5,15.5
2019-11-13,131,7.9,4.5,11.8
2019-11-14,131,3.3,0.6,7.4
2019-11-15,131,9.6,-0.5,16.7
2019-11-16,131,10.7,7.5,13.6
2019-11-17,131,9.2,5,13.3
2019-11-18,131,7.3,1.8,13.8
2019-11-19,131,2.5,0.3,5.9
2019-11-20,131,2.4,-1.7,7.3
2019-11-21,131,4.5,-2.3,10.2
2019-11-22,131,10.2,4.1,17.6
2019-11-23,131,11.7,6.1,18
2019-11-24,131,12.2,8,20.1
2019-11-25,131,3.5,1.2,8
2019-11-26,131,7.7,1.6,14.1
2019-11-27,131,5.7,2.7,8.6
2019-11-28,131,4.8,0,11.4
2019-11-29,131,3.7,0.4,9
2019-11-30,131,5.1,-1,12.1
2019-12-01,131,6.4,5.5,7.9
2019-12-02,131,2.7,-0.3,6.1
2019-12-03,131,1.6,-2.1,5.4
2019-12-04,131,5.3,2.5,9.7
2019-12-05,131,-0.9,-5.4,3.7
2019-12-06,131,-4.2,-8.2,0.4
2019-12-07,131,-0.9,-6.2,4.6
2019-12-08,131,0.6,-4.4,5.9
2019-12-09,131,2.5,-3.3,8.8
2019-12-10,131,7.7,2.8,13.4
2019-12-11,131,6.7,3.4,11
2019-12-12,131,1.4,-1,4.8
2019-12-13,131,1.3,-4.5,6.4
2019-12-14,131,3.8,1.5,7.5
2019-12-15,131,5.4,-1.2,12.8
2019-12-16,131,8,2,14.6
2019-12-17,131,7.4,5.6,10
2019-12-18,131,3,1.1,6.5
2019-12-19,131,1.1,-1.6,4.9
2019-12-20,131,0.6,-1.8,4.1
2019-12-21,131,0.3,-5.2,5.9
2019-12-22,131,3.7,-0.5,8.8
2019-12-23,131,4.1,1.2,6.7
2019-12-24,131,0,-2.5,5.4
2019-12-25,131,0.5,-5,6.7
2019-12-26,131,2,0.4,3
2019-12-27,131,0.1,-2.2,4.2
2019-12-28,131,0.6,-5,7.3
2019-12-29,131,2.2,-1.9,5
2019-12-30,131,3.8,-1.3,7.4
2019-12-31,131,-5.7,-8,-1.4
2020-01-01,131,-2.1,-7,1.5
2020-01-02,131,1.6,-0.9,3.7
2020-01-03,131,1.9,-0.4,6
2020-01-04,131,1.3,-3.5,7.1
2020-01-05,131,1.4,-4,6.4
2020-01-06,131,2.9,0.6,4.8
2020-01-07,131,7.9,4.5,13.3
2020-01-08,131,4.4,2.5,11.3
2020-01-09,131,1.1,-1,3.9
2020-01-10,131,0.5,-3.3,5.6
2020-01-11,131,1.2,-2.8,6.3
2020-01-12,131,1.1,-0.6,4.5
2020-01-13,131,-0.4,-2,2.6
2020-01-14,131,-0.4,-3.5,3.7
2020-01-15,131,-0.8,-3.8,2.8
2020-01-16,131,-0.7,-4.2,4.3
2020-01-17,131,-0.1,-3.6,5
2020-01-18,131,1,-3.6,6.5
2020-01-19,131,2.5,-1.5,8.2
2020-01-20,131,2.3,-1,7
2020-01-21,131,0.6,-3.8,5.5
2020-01-22,131,2.3,0.1,3.9
2020-01-23,131,6,2.9,12.1
2020-01-24,131,4.6,0.2,10.3
2020-01-25,131,5.1,0.6,10.1
2020-01-26,131,6.7,1.2,12
2020-01-27,131,5.7,3.2,8.2
2020-01-28,131,6.9,3.2,10.6
2020-01-29,131,6.5,3.7,10.4
2020-01-30,131,6.3,3.4,10.1
2020-01-31,131,4.4,1.6,7.9
2020-02-01,131,2.9,-0.7,7
2020-02-02,131,2.3,-1,6.3
2020-02-03,131,1.4,-1.4,4.9
2020-02-04,131,0.4,-5.2,6.1
2020-02-05,131,-5.2,-7.8,-0.5
2020-02-06,131,-5,-10,-0.3
2020-02-07,131,-1.2,-7,3.3
2020-02-08,131,1.3,-1.1,5
2020-02-09,131,0.4,-5.4,5.3
2020-02-10,131,5,0.2,11.3
2020-02-11,131,7,-1.3,15
2020-02-12,131,7.4,5,9.3
2020-02-13,131,8.7,6,11.8
2020-02-14,131,6.7,3.4,12.8
2020-02-15,131,9.9,3.5,16.4
2020-02-16,131,0.5,-2.8,7.5
2020-02-17,131,-4,-6.7,-1
2020-02-18,131,-2.1,-6.9,3.3
2020-02-19,131,1.9,-3.8,7.3
2020-02-20,131,5.6,-0.2,11.8
2020-02-21,131,7.6,0.6,14
2020-02-22,131,5.9,2.2,10.5
2020-02-23,131,4,-0.7,9.4
2020-02-24,131,7.2,-1.2,14.8
2020-02-25,131,6.5,5,9.3
2020-02-26,131,7.3,3.5,13
2020-02-27,131,6.9,3.3,11.3
2020-02-28,131,5.3,3.5,6.3
2020-02-29,131,8.1,4.9,12.9
2020-03-01,131,6.9,3.2,11.6
2020-03-02,131,4.9,2,8.7
2020-03-03,131,7,0.5,14.1
2020-03-04,131,3.6,0,8.1
2020-03-05,131,2.4,-1.3,7.9
2020-03-06,131,4.4,-3,11.3
2020-03-07,131,6.1,1.2,10.1
2020-03-08,131,8.8,0.8,17.5
2020-03-09,131,10.6,3.2,17
2020-03-10,131,6.9,4.1,9.8
2020-03-11,131,4.8,1.6,8.8
2020-03-12,131,7.3,-0.7,15.6
2020-03-13,131,6.2,2,11.1
2020-03-14,131,5.1,-0.5,11.3
2020-03-15,131,5,1.1,10.9
2020-03-16,131,4.8,-0.4,11.4
2020-03-17,131,7.1,2.2,12.1
2020-03-18,131,10.4,2.7,18.7
2020-03-19,131,9.8,6.3,14.6
2020-03-20,131,9.8,4,17.2
2020-03-21,131,14,4.9,22.5
2020-03-22,131,12.7,8.7,18.9
2020-03-23,131,11.4,4.5,18.8
2020-03-24,131,11.8,4.5,18.8
2020-03-25,131,13.9,5.6,21.7
2020-03-26,131,15.1,9.5,20.5
2020-03-27,131,11.7,6.8,15.5
2020-03-28,131,8,5.9,12.8
2020-03-29,131,9.4,1.1,16.4
2020-03-30,131,12,6.5,18.4
2020-03-31,131,12.5,4.2,20.4
2020-04-01,131,11.3,6.9,18.6
2020-04-02,131,10.3,4.3,17.4
2020-04-03,131,11,4.9,17.6
2020-04-04,131,9,5.6,15
2020-04-05,131,8.2,2.7,14.9
2020-04-06,131,9.9,2.4,17.6
2020-04-07,131,12.1,6,20.5
2020-04-08,131,10.2,5.5,15.1
2020-04-09,131,9.6,3.5,15.3
2020-04-10,131,11.4,5.6,17.5
2020-04-11,131,9.5,5.9,14.7
2020-04-12,131,9.2,2.7,15.7
2020-04-13,131,11.2,4.5,18.7
2020-04-14,131,13.6,6,22.5
2020-04-15,131,13.6,6.7,20.8
2020-04-16,131,16.1,7.5,23.5
2020-04-17,131,14.1,10,19.9
2020-04-18,131,14.7,10.3,20.3
2020-04-19,131,11.8,9.8,15.1
2020-04-20,131,11.1,8.3,16.4
2020-04-21,131,8.9,5.4,13.6
2020-04-22,131,7,4.5,10.7
2020-04-23,131,9,3.9,14.9
2020-04-24,131,10.9,4.5,17.5
2020-04-25,131,15.2,9.4,22
2020-04-26,131,12.9,7.3,19.3
2020-04-27,131,13.1,7.4,18.4
2020-04-28,131,14.4,6.8,22
2020-04-29,131,16.6,9.8,24.3
2020-04-30,131,18.1,8.3,26.6
2020-05-01,131,22.2,16.7,29.7
2020-05-02,131,23.1,19.5,28
2020-05-03,131,20,18,22.7
2020-05-04,131,21.2,15.1,28.2
2020-05-05,131,15.8,12.6,21.7
2020-05-06,131,19,11.8,27.6
2020-05-07,131,20.3,14.3,26.2
2020-05-08,131,19.5,14.5,25.4
2020-05-09,131,16.1,13.3,18.6
2020-05-10,131,15.2,13.3,19
2020-05-11,131,18.9,14.1,25.7
2020-05-12,131,16.7,12.6,21.7
2020-05-13,131,17.1,9.8,24
2020-05-14,131,20.8,12.6,27.4
2020-05-15,131,17.2,15,21.3
2020-05-16,131,18.3,16.2,21.2
2020-05-17,131,21.7,16.2,28.2
2020-05-18,131,20.4,14.8,27.2
2020-05-19,131,14.1,12.1,17.8
2020-05-20,131,14.8,9.8,20.2
2020-05-21,131,18,11.1,23.3
2020-05-22,131,19.8,15.3,24.9
2020-05-23,131,21.5,16.5,26.8
2020-05-24,131,20.3,16.7,24.5
2020-05-25,131,17.8,15.3,21.7
2020-05-26,131,18.9,14.8,25.7
2020-05-27,131,19.1,14.1,25.1
2020-05-28,131,19.5,13.8,25.7
2020-05-29,131,21.8,15.3,27.8
2020-05-30,131,23.9,17.2,29.8
2020-05-31,131,22.7,17.2,28.1
2020-06-01,131,21.5,17.7,26.7
2020-06-02,131,20.1,15.6,24.3
2020-06-03,131,23.2,18.2,29.1
2020-06-04,131,25.5,21.6,31.4
2020-06-05,131,25.5,21.8,30.4
2020-06-06,131,25.3,20,31.4
2020-06-07,131,24.4,20.8,29.7
2020-06-08,131,26.2,20.3,32.6
2020-06-09,131,27.7,21.1,34.4
2020-06-10,131,27,22,34.4
2020-06-11,131,26.1,21.3,31.6
2020-06-12,131,24.7,22.8,27.1
2020-06-13,131,25.7,21.8,32.1
2020-06-14,131,25,21.2,29.8
2020-06-15,131,23.7,19.1,30
2020-06-16,131,24.4,19.5,30.2
2020-06-17,131,24.2,21.2,28.4
2020-06-18,131,21.9,20.2,24.7
2020-06-19,131,24.2,19.1,29.6
2020-06-20,131,25,20.7,30.8
2020-06-21,131,26.2,21.6,32.9
2020-06-22,131,27.8,21.5,34
2020-06-23,131,27.4,22.7,31.4
2020-06-24,131,23.5,21.3,27.1
2020-06-25,131,21.9,20.5,24
2020-06-26,131,23.9,19.7,28.8
2020-06-27,131,24.8,20.3,29
2020-06-28,131,25.2,20.6,30.5
2020-06-29,131,23,20.2,27.4
2020-06-30,131,20.3,18.7,23.2
2020-07-01,131,21.3,17.7,24.7
2020-07-02,131,24.6,19.1,30.1
2020-07-03,131,23,19.7,25.8
2020-07-04,131,22.5,18.7,27.6
2020-07-05,131,24.2,20.2,28.1
2020-07-06,131,25.4,21.1,30.2
2020-07-07,131,25,22.7,28.5
2020-07-08,131,25.3,21,30.9
2020-07-09,131,27.5,21.9,32.8
2020-07-10,131,25.7,22.3,29.7
2020-07-11,131,26.7,23.2,30
2020-07-12,131,23.2,20.1,25.3
2020-07-13,131,20,17.8,22.1
2020-07-14,131,19.9,18.2,22.2
2020-07-15,131,21.8,18.3,26.3
2020-07-16,131,24,19.7,29.4
2020-07-17,131,25.7,21,31.5
2020-07-18,131,25.7,22.5,30
2020-07-19,131,25.8,21.1,28.8
2020-07-20,131,25.2,23.2,28.7
2020-07-21,131,26.2,22,30.6
2020-07-22,131,23.8,22.5,25.2
2020-07-23,131,22.8,21.2,23.8
2020-07-24,131,22.3,19.8,25.7
2020-07-25,131,23.1,20.7,26.6
2020-07-26,131,24.3,21.2,28.2
2020-07-27,131,24.9,22.6,28.1
2020-07-28,131,24.7,21.9,27.4
2020-07-29,131,25,23.8,26.6
2020-07-30,131,25.6,24.2,28.2
2020-07-31,131,27.4,24.3,30.9
2020-08-01,131,26.5,23.5,31
2020-08-02,131,27.5,23.5,30.8
2020-08-03,131,26.1,23.8,28.8
2020-08-04,131,27.6,24.2,32.5
2020-08-05,131,26.7,25.2,29.8
2020-08-06,131,25.6,23.8,27.7
2020-08-07,131,23.3,22.2,24.5
2020-08-08,131,24.4,22.5,27.2
2020-08-09,131,26.5,24.1,28.7
2020-08-10,131,26.4,24.8,30.5
2020-08-11,131,25.5,24,26.8
2020-08-12,131,27.2,24.2,31.3
2020-08-13,131,29.4,25.7,33.2
2020-08-14,131,29.2,26.7,32.6
2020-08-15,131,29.3,26.8,33.4
2020-08-16,131,28.8,25.5,33.7
2020-08-17,131,29.4,26,33.9
2020-08-18,131,29.3,25.7,33.8
2020-08-19,131,28.8,24.7,34
2020-08-20,131,29,24.7,33.9
2020-08-21,131,29.2,25,34.2
2020-08-22,131,26.5,24.2,30.2
2020-08-23,131,27.3,22.8,31.9
2020-08-24,131,28.8,23.3,33.7
2020-08-25,131,30.7,25.5,36
2020-08-26,131,29.8,27.5,34.2
2020-08-27,131,29,26.2,32.9
2020-08-28,131,29,25,34.9
2020-08-29,131,27.3,25,32.4
2020-08-30,131,28.1,25.6,33.2
2020-08-31,131,27.8,25.2,32.2
2020-09-01,131,27.7,23.6,31.7
2020-09-02,131,24.5,22.8,27.2
2020-09-03,131,23.7,21.1,27.6
2020-09-04,131,24.7,21.3,29.2
2020-09-05,131,22.4,19.6,25.9
2020-09-06,131,21,18.1,25.8
2020-09-07,131,19.2,16.5,22
2020-09-08,131,24.3,21.7,28.6
2020-09-09,131,22.4,19.1,26.5
2020-09-10,131,23.7,20.2,28.2
2020-09-11,131,22.2,19.2,26.2
2020-09-12,131,19.6,17.7,21.7
2020-09-13,131,21.9,17.6,26.6
2020-09-14,131,21.9,17.2,26.7
2020-09-15,131,23.5,18.8,28.8
2020-09-16,131,21.5,20.7,23.8
2020-09-17,131,21.9,20.2,24.2
2020-09-18,131,21.2,18.1,26.2
2020-09-19,131,20.1,16.3,26.7
2020-09-20,131,19.7,15.1,25.7
2020-09-21,131,18.7,13.1,24.3
2020-09-22,131,20,15.5,25
2020-09-23,131,19.2,14.8,24
2020-09-24,131,20.7,16.1,26.5
2020-09-25,131,20.3,15.7,26.3
2020-09-26,131,19.4,15.6,25.1
2020-09-27,131,19.9,14.6,25.5
2020-09-28,131,19.8,14.3,26.2
2020-09-29,131,19.3,14.3,24.4
2020-09-30,131,20.2,15,25.7
2020-10-01,131,20.3,15.5,25.2
2020-10-02,131,20.8,17.2,25.1
2020-10-03,131,19.4,17.6,22
2020-10-04,131,18.1,12.6,21.8
2020-10-05,131,14.2,9.1,19.3
2020-10-06,131,14.6,9.1,20
2020-10-07,131,16.7,10.6,22.2
2020-10-08,131,17.3,11.8,23.1
2020-10-09,131,17.2,10.5,23.6
2020-10-10,131,17,11.3,22.7
2020-10-11,131,17,12.1,21.3
2020-10-12,131,17.2,13.6,22.8
2020-10-13,131,13.7,10.1,18.1
2020-10-14,131,12.9,8.8,19.6
2020-10-15,131,12.1,6.8,18.5
2020-10-16,131,12,7.6,16.2
2020-10-17,131,13.3,8.6,19.5
2020-10-18,131,12.8,5.5,20
2020-10-19,131,14.3,8,21.6
2020-10-20,131,14.4,8.3,21.8
2020-10-21,131,13.9,10.6,16.8
2020-10-22,131,13.3,10,17.5
2020-10-23,131,10.2,8,14.1
2020-10-24,131,9.2,4.6,13.7
2020-10-25,131,12.1,5.6,19.6
2020-10-26,131,12.5,6.1,19.2
2020-10-27,131,13.4,7.1,20.3
2020-10-28,131,14.2,10.7,20
2020-10-29,131,10.8,4.8,17
2020-10-30,131,11.4,4.9,18.7
2020-10-31,131,13.2,7.1,19.1
2020-11-01,131,12.7,11.6,13.6
2020-11-02,131,12,8,16.9
2020-11-03,131,6.8,4.3,10
2020-11-04,131,5.6,0.8,11.1
2020-11-05,131,8.7,0.8,15.1
2020-11-06,131,12.3,9.5,15
2020-11-07,131,14.1,10.1,19.5
2020-11-08,131,9.5,5.2,13.8
2020-11-09,131,7.5,1.7,11.3
2020-11-10,131,8.4,3.5,13.3
2020-11-11,131,9,2.2,16.3
2020-11-12,131,9.9,2.9,17.9
2020-11-13,131,10.7,4.4,17.5
2020-11-14,131,11.1,3.4,19
2020-11-15,131,11.9,6,18.7
2020-11-16,131,11.9,6.6,17.8
2020-11-17,131,15.2,10.2,20.5
2020-11-18,131,16.5,11.8,20.1
2020-11-19,131,15.9,10.5,21.2
2020-11-20,131,6,3.7,10.5
2020-11-21,131,8.2,1.1,13.8
2020-11-22,131,7.7,4.3,10.6
2020-11-23,131,3.6,1.5,7.1
2020-11-24,131,4.5,0.8,9.3
2020-11-25,131,5.7,0.8,11.4
2020-11-26,131,6.6,1.7,11.8
2020-11-27,131,5.5,2.5,8.6
2020-11-28,131,2.2,0.6,4.6
2020-11-29,131,1.6,-0.5,4.7
2020-11-30,131,1.3,-1.9,5.5
2020-12-01,131,1.7,-3.2,7
2020-12-02,131,3.9,0.8,8.2
2020-12-03,131,2.1,-0.5,6
2020-12-04,131,0.9,-3.3,5.3
2020-12-05,131,0.7,-3.1,4.7
2020-12-06,131,3.1,-1.3,8.6
2020-12-07,131,3.8,1.1,7.3
2020-12-08,131,1.3,-1.5,5.4
2020-12-09,131,1.4,-4.9,6.3
2020-12-10,131,5.8,2.5,9.6
2020-12-11,131,6.4,3,10.4
2020-12-12,131,4.6,0.8,8.2
2020-12-13,131,-0.3,-3.5,4
2020-12-14,131,-5.2,-7,-2.1
2020-12-15,131,-5.9,-9.2,-2.1
2020-12-16,131,-5.4,-8.7,-1.7
2020-12-17,131,-4,-8.9,0.9
2020-12-18,131,-0.6,-3.5,2.7
2020-12-19,131,-3.6,-7.4,-0.2
2020-12-20,131,-2.4,-8,2.6
2020-12-21,131,0,-5,4.9
2020-12-22,131,1.9,-2.8,7.3
2020-12-23,131,3.1,-2.3,8.3
2020-12-24,131,4.2,1,9.1
2020-12-25,131,1,-1.7,4.8
2020-12-26,131,1.8,-2.5,6.8
2020-12-27,131,4,-0.9,9.6
2020-12-28,131,5.5,0.5,12.1
2020-12-29,131,0.8,-3.3,4.9
2020-12-30,131,-8.8,-11.5,-3.3
2020-12-31,131,-8.6,-13.7,-4.5
2021-01-01,131,-5.2,-10.2,-1.9
2021-01-02,131,-4.4,-8.2,-0.5
2021-01-03,131,-4,-8.2,-0.9
2021-01-04,131,-2.8,-8.9,1.9
2021-01-05,131,-3.4,-7.5,-0.3
2021-01-06,131,-5.6,-10.4,-2.4
2021-01-07,131,-11.8,-14,-4
2021-01-08,131,-13.2,-16.3,-9.6
2021-01-09,131,-11.5,-15.9,-7.7
2021-01-10,131,-8.1,-14.1,-3.2
2021-01-11,131,-6.4,-10.4,-3.3
2021-01-12,131,-2.5,-7.6,3.4
2021-01-13,131,3,-4.6,9.6
2021-01-14,131,3,-1.4,9
2021-01-15,131,5,0.3,12.4
2021-01-16,131,-2,-5.1,2.5
2021-01-17,131,-3.7,-8.4,-0.3
2021-01-18,131,-2.2,-5.6,3.7
2021-01-19,131,-5.3,-10.1,-0.5
2021-01-20,131,-1,-7.9,7
2021-01-21,131,4.5,-0.4,9.3
2021-01-22,131,6.5,4.1,9
2021-01-23,131,8,4.8,12.5
2021-01-24,131,7.3,2,13.1
2021-01-25,131,8.1,3.4,13.5
2021-01-26,131,5.7,4.4,8.3
2021-01-27,131,3.3,0.8,7.1
2021-01-28,131,-1.8,-6.9,4
2021-01-29,131,-6.6,-9.4,-3.1
2021-01-30,131,0.1,-8.9,7.8
2021-01-31,131,4,-4,11.7
2021-02-01,131,6.5,1.7,11.1
2021-02-02,131,-3.4,-5.4,1.7
2021-02-03,131,-2.3,-8,3.1
2021-02-04,131,-1.2,-4,1.6
2021-02-05,131,0.9,-5.1,7.5
2021-02-06,131,5.8,-1.3,10.7
2021-02-07,131,5.5,-0.7,10
2021-02-08,131,-1.7,-3.5,1.3
2021-02-09,131,0,-5.5,5.7
2021-02-10,131,2.4,-3.5,8.1
2021-02-11,131,5.7,1.2,11.1
2021-02-12,131,7,0.6,14.8
2021-02-13,131,7.7,-0.3,16.3
2021-02-14,131,9.5,5,14.3
2021-02-15,131,2.7,-2.8,9.6
2021-02-16,131,-3.2,-5.1,1
2021-02-17,131,-7.2,-9.2,-5
2021-02-18,131,-4.8,-9,-0.9
2021-02-19,131,2.4,-5.9,9.5
2021-02-20,131,10.5,6.4,17.1
2021-02-21,131,13.1,4.4,22.1
2021-02-22,131,9.4,1.7,17.6
2021-02-23,131,1.5,-1.3,6
2021-02-24,131,4.4,-1.3,10.8
2021-02-25,131,5.1,0.6,8.6
2021-02-26,131,8.7,1.7,15.6
2021-02-27,131,8,3.9,12.2
2021-02-28,131,7.5,0.8,12.9
2021-03-01,131,7.2,0.8,13.1
2021-03-02,131,2.9,1,5.8
2021-03-03,131,4.6,-1.2,10
2021-03-04,131,5.8,1.7,10.3
2021-03-05,131,8.6,1.3,16.7
2021-03-06,131,7.4,4.1,12.6
2021-03-07,131,6.8,4.3,10.5
2021-03-08,131,7.6,2.2,14.4
2021-03-09,131,7.3,2.2,13.3
2021-03-10,131,9.5,1.2,17.6
2021-03-11,131,10.7,3.7,18.1
2021-03-12,131,9,7.9,10.6
2021-03-13,131,9.4,4.1,15.2
2021-03-14,131,9.7,5,14.8
2021-03-15,131,12,4.9,17.8
2021-03-16,131,9.9,5.6,15
2021-03-17,131,9.5,2.2,18.6
2021-03-18,131,12.5,4.6,19.6
2021-03-19,131,13.8,10.3,18.6
2021-03-20,131,8.9,6.9,12.3
2021-03-21,131,6.2,4.5,10.4
2021-03-22,131,6.8,1.7,12.4
2021-03-23,131,9.8,2.7,17.8
2021-03-24,131,11.3,4.5,18.8
2021-03-25,131,13,6.3,21.2
2021-03-26,131,14.4,5.8,22.3
2021-03-27,131,13,10,16.5
2021-03-28,131,10.5,9.1,14.5
2021-03-29,131,12.5,9.1,17.3
2021-03-30,131,12.5,6.4,19.5
2021-03-31,131,15.2,5.4,23.8
2021-04-01,131,16.4,11,22.3
2021-04-02,131,18.1,13.3,22.1
2021-04-03,131,16.6,14.1,18.8
2021-04-04,131,11.5,9.3,14.2
2021-04-05,131,11.7,4.6,18.2
2021-04-06,131,13.6,7.5,20.1
2021-04-07,131,14.5,8,21.8
2021-04-08,131,13.3,8.3,19.2
2021-04-09,131,12.2,6,19.1
2021-04-10,131,13,7.5,19.3
2021-04-11,131,15.5,7,23.2
2021-04-12,131,14.2,12.3,17.1
2021-04-13,131,11.2,5.5,17
2021-04-14,131,9.6,4,15.7
2021-04-15,131,11.7,3.7,19.3
2021-04-16,131,12.1,9.3,15
2021-04-17,131,10.1,6,16.3
2021-04-18,131,10.8,6.9,16.1
2021-04-19,131,13.8,5,22.6
2021-04-20,131,15.8,7.5,24.6
2021-04-21,131,20.3,10.3,29.6
2021-04-22,131,22.8,16.2,29.7
2021-04-23,131,19.9,17.4,23.2
2021-04-24,131,18.4,14.6,24.2
2021-04-25,131,18,10.6,24.9
2021-04-26,131,17,11.6,22.8
2021-04-27,131,16.8,13.3,21.3
2021-04-28,131,16.8,13.8,20.6
2021-04-29,131,15.6,12.5,20.3
2021-04-30,131,12.9,10.3,17.4
2021-05-01,131,10.6,8.7,14.3
2021-05-02,131,13,8.1,18.9
2021-05-03,131,15.2,7.5,23
2021-05-04,131,17.3,12.5,22.2
2021-05-05,131,15.7,11.6,20.6
2021-05-06,131,16.4,7.5,23.7
2021-05-07,131,15.4,11,20.3
2021-05-08,131,16.1,9.1,23.5
2021-05-09,131,16.7,10,22.8
2021-05-10,131,12.2,10.3,14.6
2021-05-11,131,17.3,12.1,22.1
2021-05-12,131,21,13.4,27.1
2021-05-13,131,22.7,15.1,29.7
2021-05-14,131,24.4,17.1,31.3
2021-05-15,131,22.8,19.7,26.6
2021-05-16,131,21.1,16.8,22.9
2021-05-17,131,16.3,15.3,17.6
2021-05-18,131,19.1,15.3,24.3
2021-05-19,131,21.2,14.5,28.2
2021-05-20,131,17.4,15.6,21.5
2021-05-21,131,15.2,14.2,16.2
2021-05-22,131,18.7,12.8,25.3
2021-05-23,131,20.3,13.9,26.1
2021-05-24,131,20.4,17.1,25.1
2021-05-25,131,16.9,13.1,22.3
2021-05-26,131,18,12.5,24.4
2021-05-27,131,17,14.3,21.1
2021-05-28,131,14.8,11.8,18.7
2021-05-29,131,17.8,12.8,24.4
2021-05-30,131,20,12.1,28.2
2021-05-31,131,20.7,17.2,25.3
2021-06-01,131,22.8,17.8,27.6
2021-06-02,131,24.9,18.7,30.2
2021-06-03,131,19.1,16,23.2
2021-06-04,131,19.2,13.8,25.5
2021-06-05,131,21.5,15.6,26.9
2021-06-06,131,23.3,18.7,28.4
2021-06-07,131,23.3,17.8,28.7
2021-06-08,131,25.3,19.5,31
2021-06-09,131,27.5,21.3,33.5
2021-06-10,131,26.1,21.4,31
2021-06-11,131,23.5,20.1,28.5
2021-06-12,131,25.2,19.4,31
2021-06-13,131,25.5,21.7,31.2
2021-06-14,131,25.1,20.2,30.3
2021-06-15,131,23.7,22.4,25.8
2021-06-16,131,24.9,22.1,28.5
2021-06-17,131,22.5,20.6,25.2
2021-06-18,131,21.6,19.5,24.2
2021-06-19,131,23.6,18.7,29.8
2021-06-20,131,24.9,19.1,31
2021-06-21,131,25,20.3,30.6
2021-06-22,131,23.7,19.5,29.4
2021-06-23,131,21.6,19.1,24.2
2021-06-24,131,23.5,18.7,28.5
2021-06-25,131,25,20.2,31.2
2021-06-26,131,22.5,19.1,26.5
2021-06-27,131,25.2,20.1,29.7
2021-06-28,131,24.7,21.3,29
2021-06-29,131,24.4,20.7,29.6
2021-06-30,131,25,21.3,30.3
2021-07-01,131,27.3,21.7,31.6
2021-07-02,131,27.3,23.8,32.1
2021-07-03,131,24.1,21.6,27
2021-07-04,131,23.6,21.8,25.6
2021-07-05,131,23.7,21.6,26.8
2021-07-06,131,24.2,21.7,27.8
2021-07-07,131,25.8,22.7,28.3
2021-07-08,131,26.3,23.1,31.5
2021-07-09,131,26.3,22.6,31.2
2021-07-10,131,27.1,24.2,30.8
2021-07-11,131,26.5,23.6,31
2021-07-12,131,28.4,22.7,33.4
2021-07-13,131,30.4,26.3,34.2
2021-07-14,131,30,26.2,34.1
2021-07-15,131,29,25,35
2021-07-16,131,27.4,23.7,33.6
2021-07-17,131,28.1,23.2,33.1
2021-07-18,131,28.5,24.5,33.4
2021-07-19,131,27.3,25,32.4
2021-07-20,131,28.2,24.7,31.7
2021-07-21,131,30.5,24.8,35.8
2021-07-22,131,30.1,25.5,35.1
2021-07-23,131,30.5,26.1,35.9
2021-07-24,131,31.2,26.2,35.9
2021-07-25,131,30.5,26.2,34
2021-07-26,131,30.6,26,35.1
2021-07-27,131,30.7,25.7,35.5
2021-07-28,131,30.8,27.1,35.6
2021-07-29,131,30.2,26.7,35.8
2021-07-30,131,31.3,27.2,36.4
2021-07-31,131,30.1,25.8,35
2021-08-01,131,27.6,24.2,31.8
2021-08-02,131,26.4,24.7,28.8
2021-08-03,131,28.4,24.7,32.7
2021-08-04,131,30,25.8,34.5
2021-08-05,131,30.4,26.3,35.2
2021-08-06,131,28.4,23.7,35.5
2021-08-07,131,28.2,23.6,33.4
2021-08-08,131,26.9,24.6,30.7
2021-08-09,131,28.3,24,33.2
2021-08-10,131,27.1,24.7,32
2021-08-11,131,28,24.1,32.7
2021-08-12,131,27.3,24.2,31.7
2021-08-13,131,26.7,23.6,29
2021-08-14,131,26.1,24,29.5
2021-08-15,131,26.6,21.3,31.8
2021-08-16,131,26.5,23.2,30.4
2021-08-17,131,25.8,22.1,29.3
2021-08-18,131,25.2,22.2,30.3
2021-08-19,131,25.3,21.2,29.6
2021-08-20,131,26.7,21.7,31.6
2021-08-21,131,25.1,22.8,28.4
2021-08-22,131,25.6,23,29
2021-08-23,131,22.4,21.2,24.7
2021-08-24,131,24.7,21.5,27.8
2021-08-25,131,23.5,21.8,25.2
2021-08-26,131,25.8,22.5,29.6
2021-08-27,131,22.5,20,25.7
2021-08-28,131,23.1,19.7,26.4
2021-08-29,131,22.9,18.6,27.3
2021-08-30,131,23.5,20.7,26.2
2021-08-31,131,22.9,20.6,26.2
2021-09-01,131,22.5,22,23.3
2021-09-02,131,23.7,21.2,26.5
2021-09-03,131,24.3,20.2,29.5
2021-09-04,131,23.6,19,28.5
2021-09-05,131,22.2,18.3,26.4
2021-09-06,131,21.6,18.5,26.2
2021-09-07,131,21.4,19.2,23.7
2021-09-08,131,22.6,20.2,27.7
2021-09-09,131,23.2,17.5,29
2021-09-10,131,24.1,20.3,28.8
2021-09-11,131,24.6,20.3,30.1
2021-09-12,131,24.5,19.7,29.5
2021-09-13,131,25,22.2,28.8
2021-09-14,131,23.3,20,26.7
2021-09-15,131,23.5,18.2,29.1
2021-09-16,131,23,17.2,27.7
2021-09-17,131,20.5,18.6,23.7
2021-09-18,131,22.5,16.3,28.2
2021-09-19,131,23.6,19,28.7
2021-09-20,131,23.7,19.2,27.9
2021-09-21,131,22.9,20.6,26.1
2021-09-22,131,22.4,18.6,27.8
2021-09-23,131,21,17.2,26.2
2021-09-24,131,21.8,16.3,27
2021-09-25,131,21.4,17.7,25.2
2021-09-26,131,21.9,18.4,26.3
2021-09-27,131,22.5,18.3,27.4
2021-09-28,131,22,19.8,25.4
2021-09-29,131,21.6,20.1,23.2
2021-09-30,131,22.2,18.5,28
2021-10-01,131,21.5,16.3,27.9
2021-10-02,131,21.5,16.2,27.2
2021-10-03,131,23.1,16.1,30.6
2021-10-04,131,23.4,18.1,28.2
2021-10-05,131,24.2,20.6,29.4
2021-10-06,131,22.6,20.7,27.2
2021-10-07,131,20.5,19.2,22.4
2021-10-08,131,20.4,18.8,22.6
2021-10-09,131,23.2,19.7,28
2021-10-10,131,23,17,28.2
2021-10-11,131,16,12.6,18.3
2021-10-12,131,17,16,18.2
2021-10-13,131,19.7,16.2,24.4
2021-10-14,131,20.2,16.2,25.6
2021-10-15,131,18.8,17.7,21.6
2021-10-16,131,12.6,5.6,17.9
2021-10-17,131,6.5,2.4,11.7
2021-10-18,131,10,2,16.8
2021-10-19,131,11.2,7.9,15.6
2021-10-20,131,10,4.8,15.7
2021-10-21,131,10.1,4.9,16.3
2021-10-22,131,10.7,4.5,16.9
2021-10-23,131,11.5,5.3,18.8
2021-10-24,131,11.6,5.5,18.1
2021-10-25,131,11.6,6.5,18
2021-10-26,131,12.2,6.5,18.6
2021-10-27,131,13.5,9.5,19.2
2021-10-28,131,12.3,5.5,19.3
2021-10-29,131,14.3,9.1,19.6
2021-10-30,131,13.3,10,18
2021-10-31,131,13.3,7.1,19.9
2021-11-01,131,13.3,10.1,18.5
2021-11-02,131,12.6,9.8,16.6
2021-11-03,131,11.8,6.5,17.3
2021-11-04,131,13.7,9,18.7
2021-11-05,131,12.4,7,19.5
2021-11-06,131,14.3,8.5,20.8
2021-11-07,131,15.7,9.3,21.3
2021-11-08,131,10.9,6.1,16.2
2021-11-09,131,7.6,5.6,12.4
2021-11-10,131,5.4,3.2,6.6
2021-11-11,131,6.7,4,11
2021-11-12,131,5.8,3.5,8.7
2021-11-13,131,7.8,1.2,14.4
2021-11-14,131,11,5.5,17.5
2021-11-15,131,10.3,5.4,15.8
2021-11-16,131,9.1,5.1,15.1
2021-11-17,131,8.3,3,13.8
2021-11-18,131,10.8,4.9,16.8
2021-11-19,131,13.3,10.1,17.6
2021-11-20,131,11.5,8.8,15.7
2021-11-21,131,10.4,6.8,14.3
2021-11-22,131,4.3,0.8,11.6
2021-11-23,131,1.3,-0.9,3.5
2021-11-24,131,5.9,0.8,11.9
2021-11-25,131,7.9,4.1,13.4
2021-11-26,131,5.5,0.6,10.4
2021-11-27,131,4.2,-0.2,10
2021-11-28,131,5.3,-1.2,13
2021-11-29,131,6.5,0.4,13.1
2021-11-30,131,5.8,1.3,9.6
2021-12-01,131,0.9,-1.7,3
2021-12-02,131,2.1,-4,6.9
2021-12-03,131,4,1.2,6.9
2021-12-04,131,1.3,-1.5,4.4
2021-12-05,131,2.4,-2.8,9
2021-12-06,131,5,-0.9,11.6
2021-12-07,131,6.4,1.2,12
2021-12-08,131,6.7,1.5,12.6
2021-12-09,131,6.5,1.7,10.6
2021-12-10,131,7.1,4.8,9.5
2021-12-11,131,7.1,4,9.8
2021-12-12,131,3.7,-2.6,7.7
2021-12-13,131,-1.3,-4.5,2.1
2021-12-14,131,2.9,-2.9,7.6
2021-12-15,131,7,3.1,11.1
2021-12-16,131,6.1,2.7,10.2
2021-12-17,131,-3.1,-8.5,6.6
2021-12-18,131,-4.1,-9.6,1.2
2021-12-19,131,1,-2.2,5
2021-12-20,131,6.1,-0.1,11.5
2021-12-21,131,6.5,2.7,12.6
2021-12-22,131,3.4,-1,9.1
2021-12-23,131,3.1,-3,8.6
2021-12-24,131,1.5,-3.5,6.7
2021-12-25,131,-8.2,-11.7,-3.5
2021-12-26,131,-9.5,-13.4,-5
2021-12-27,131,-5.4,-11.4,-0.4
2021-12-28,131,-1.4,-4.5,1.7
2021-12-29,131,1.8,-3,7
2021-12-30,131,-1.7,-3.8,1.7
2021-12-31,131,-4.6,-6.2,-0.9
2022-01-01,131,-4.5,-9.9,0.6
2022-01-02,131,-0.9,-5.7,5.2
2022-01-03,131,-1.5,-7,3
2022-01-04,131,-0.2,-3.5,3.5
2022-01-05,131,-2,-6.6,2.5
2022-01-06,131,-0.4,-4.4,4.8
2022-01-07,131,-1.2,-6.7,5.2
2022-01-08,131,0.7,-6.1,6.3
2022-01-09,131,2.8,-0.7,6
2022-01-10,131,0.7,-4.4,5.5
2022-01-11,131,-4.8,-7.9,0
2022-01-12,131,-5.8,-9.9,-0.7
2022-01-13,131,-4.6,-6.7,-1.5
2022-01-14,131,-3.5,-8.7,1.7
2022-01-15,131,-0.1,-5.9,4.1
2022-01-16,131,0.2,-3.5,3.2
2022-01-17,131,-3.4,-6.6,2.2
2022-01-18,131,-4.3,-8.9,0.4
2022-01-19,131,-3.7,-8,1.1
2022-01-20,131,-3.6,-8.9,2.7
2022-01-21,131,-1.7,-8.2,5.6
2022-01-22,131,2.9,-3.6,8.4
2022-01-23,131,4.5,0.8,9.3
2022-01-24,131,4.6,-0.5,9.5
2022-01-25,131,3.4,1.8,5
2022-01-26,131,3,0.1,6.8
2022-01-27,131,0.8,-2.2,5.6
2022-01-28,131,-0.8,-3.6,3.9
2022-01-29,131,-2.1,-5,2.2
2022-01-30,131,-2.6,-7.4,2.6
2022-01-31,131,-0.4,-7,5.7
2022-02-01,131,0,-1.5,2
2022-02-02,131,-1.1,-2.5,2
2022-02-03,131,-1.7,-3.9,2.4
2022-02-04,131,-2.8,-5.2,1.2
2022-02-05,131,-4.8,-8,0
2022-02-06,131,-2.5,-8,2.6
2022-02-07,131,-1.7,-6,2.4
2022-02-08,131,0.2,-4.6,6.5
2022-02-09,131,1.4,-5.4,7.8
2022-02-10,131,3.3,-0.2,8
2022-02-11,131,3,-3.3,9.6
2022-02-12,131,4.7,-0.9,11.3
2022-02-13,131,5.4,0.6,11.1
2022-02-14,131,4.4,-0.9,11.5
2022-02-15,131,-2.9,-5.3,0.5
2022-02-16,131,-5.8,-7.5,-2.3
2022-02-17,131,-5.2,-9,-0.6
2022-02-18,131,-0.7,-8.9,6.3
2022-02-19,131,0,-4.1,3.3
2022-02-20,131,-3.6,-6.2,-0.5
2022-02-21,131,-1.2,-6.4,4.6
2022-02-22,131,-2.3,-5.5,2.9
2022-02-23,131,-4.2,-7.9,0.5
2022-02-24,131,-1.5,-7.6,4.2
2022-02-25,131,3.1,-4,10.6
2022-02-26,131,6,1.7,12.1
2022-02-27,131,5,-0.2,11.6
2022-02-28,131,6.6,-0.3,12.7
2022-03-01,131,5.9,1.4,11.1
2022-03-02,131,3.8,-1.6,10.5
2022-03-03,131,6.5,0.5,13.8
2022-03-04,131,8.7,0.2,16.7
2022-03-05,131,3.7,0.4,9
2022-03-06,131,2.5,-1,7.5
2022-03-07,131,3.9,-2.3,10.6
2022-03-08,131,6.2,-1.3,13.4
2022-03-09,131,8.1,1.7,15.7
2022-03-10,131,9.9,2.5,18.1
2022-03-11,131,11.6,4.5,17.5
2022-03-12,131,15.4,9.3,21.5
2022-03-13,131,14.1,12.5,16.8
2022-03-14,131,10.7,6,14.6
2022-03-15,131,9.6,4.5,15.6
2022-03-16,131,11.3,4.5,18.3
2022-03-17,131,9.5,7.3,11.6
2022-03-18,131,7.2,5.4,9.3
2022-03-19,131,4.6,3,7.5
2022-03-20,131,5.9,3.2,10.2
2022-03-21,131,5.8,0.1,11.4
2022-03-22,131,7.5,2.5,13.1
2022-03-23,131,6.4,3.7,9.4
2022-03-24,131,9,2.6,15.8
2022-03-25,131,13.3,6.3,19.3
2022-03-26,131,12,8.6,14.8
2022-03-27,131,8.5,4.5,15.7
2022-03-28,131,8.4,1.1,15.3
2022-03-29,131,11,3.2,18.2
2022-03-30,131,12.1,5.8,17.6
2022-03-31,131,11.1,8.6,15.1
2022-04-01,131,9.8,4.6,15.4
2022-04-02,131,8.6,2.7,15.4
2022-04-03,131,9.8,2.5,17.3
2022-04-04,131,11.2,4.5,18.8
2022-04-05,131,11.1,3.5,18.5
2022-04-06,131,12.6,6.6,20.3
2022-04-07,131,12.3,8.1,19
2022-04-08,131,14.4,4.6,23.2
2022-04-09,131,18.6,11.6,25.8
2022-04-10,131,19.2,11.6,27.4
2022-04-11,131,21,13.8,27.9
2022-04-12,131,20.9,16,28.2
2022-04-13,131,13.3,9.3,18.2
2022-04-14,131,10.1,8.1,13
2022-04-15,131,12.5,6.5,19.3
2022-04-16,131,13.4,7.6,19.6
2022-04-17,131,14.5,6.1,22.3
2022-04-18,131,15.7,10.5,22.9
2022-04-19,131,16.2,8.6,23.9
2022-04-20,131,16.3,8.1,23.8
2022-04-21,131,15.8,9.3,21.8
2022-04-22,131,17.5,11.8,24.2
2022-04-23,131,18.6,12.8,25.2
2022-04-24,131,19.7,14.8,27.7
2022-04-25,131,21,16.2,26.4
2022-04-26,131,19.1,15.4,24.5
2022-04-27,131,17.9,13.1,23.9
2022-04-28,131,18.2,11.5,25.7
2022-04-29,131,13.2,9.4,17.5
2022-04-30,131,13.5,10.8,18.3
2022-05-01,131,13.8,8.2,20.6
2022-05-02,131,13.8,9.1,19.1
2022-05-03,131,15.2,7.5,22
2022-05-04,131,18.1,9.1,26.4
2022-05-05,131,19.5,11.1,26.9
2022-05-06,131,20.1,13.6,26.3
2022-05-07,131,18.2,15.3,23.5
2022-05-08,131,16.7,11.3,21.6
2022-05-09,131,17.7,10.8,24.1
2022-05-10,131,19.5,12.6,25.4
2022-05-11,131,19.9,15.3,25.7
2022-05-12,131,20.9,15.5,28.4
2022-05-13,131,19.2,15.8,22.2
2022-05-14,131,16,11.8,21.9
2022-05-15,131,15.9,10.6,21.4
2022-05-16,131,17.2,9.6,24.8
2022-05-17,131,20.6,12.6,27.9
2022-05-18,131,22.1,16.1,28
2022-05-19,131,21,17.7,25.3
2022-05-20,131,21.1,15.5,27.6
2022-05-21,131,21.3,16.7,28.1
2022-05-22,131,21.7,15.3,30
2022-05-23,131,23.5,17.2,31
2022-05-24,131,23.5,16.8,31.5
2022-05-25,131,22.3,17.4,28.5
2022-05-26,131,19.7,14.3,26.1
2022-05-27,131,21.2,15.8,26.6
2022-05-28,131,23,16.2,29.7
2022-05-29,131,23.4,17,31
2022-05-30,131,21.6,18.6,25.7
2022-05-31,131,22.1,14.8,29
2022-06-01,131,23.4,15.1,31.7
2022-06-02,131,22.5,15.6,30.1
2022-06-03,131,25.3,19.2,32.3
2022-06-04,131,25.2,19.6,29.6
2022-06-05,131,19.1,16.3,25.2
2022-06-06,131,19,17.1,22.9
2022-06-07,131,17.8,14.1,21.7
2022-06-08,131,20.8,15.8,26.5
2022-06-09,131,22.4,18.8,27.2
2022-06-10,131,24,18.2,29.2
2022-06-11,131,24.4,19.3,31.2
2022-06-12,131,24.5,19.2,29.1
2022-06-13,131,23.6,20.6,28.1
2022-06-14,131,18.8,16.2,21.3
2022-06-15,131,19.6,14.8,26.9
2022-06-16,131,22,18.7,26.7
2022-06-17,131,23.2,18.2,28.3
2022-06-18,131,25.1,22.5,28.5
2022-06-19,131,25.3,22.3,28.5
2022-06-20,131,27,23.1,32.4
2022-06-21,131,28.1,22.6,35.3
2022-06-22,131,27.4,22.2,34.4
2022-06-23,131,25.6,23.2,31.4
2022-06-24,131,25.1,23.1,29.5
2022-06-25,131,28,22.6,33.7
2022-06-26,131,28.3,26,30.9
2022-06-27,131,28.6,25.7,31.8
2022-06-28,131,30,28.2,32.7
2022-06-29,131,26.7,24.4,30.8
2022-06-30,131,26.4,21.8,30.2
2022-07-01,131,29.3,24.1,34.3
2022-07-02,131,30.1,25,35.4
2022-07-03,131,29.1,23.9,35.1
2022-07-04,131,28.8,24.6,33.7
2022-07-05,131,28.5,25.2,34.2
2022-07-06,131,30.3,26.2,35
2022-07-07,131,30.5,26.5,35.4
2022-07-08,131,28.2,25.7,32.3
2022-07-09,131,27.2,24.2,30.4
2022-07-10,131,29.4,24.6,35
2022-07-11,131,25.1,23,28.3
2022-07-12,131,27.5,23.7,30.6
2022-07-13,131,25.1,24.3,27.2
2022-07-14,131,26.8,24.7,30.7
2022-07-15,131,26.6,22.8,31.4
2022-07-16,131,25.4,23,29.8
2022-07-17,131,26.5,22.6,30.7
2022-07-18,131,23.9,22.7,26
2022-07-19,131,25.3,21.5,30.8
2022-07-20,131,27.9,24,32.5
2022-07-21,131,23.9,23,27.5
2022-07-22,131,26,22.7,30.1
2022-07-23,131,25.5,22.3,29.2
2022-07-24,131,25.4,22.8,27.8
2022-07-25,131,28,24.7,32.6
2022-07-26,131,29.2,23.8,35.4
2022-07-27,131,28.4,25.5,32.1
2022-07-28,131,29.2,25,33.6
2022-07-29,131,31.4,26.8,36
2022-07-30,131,30.4,27.5,33.9
2022-07-31,131,27.7,25.9,29.7
2022-08-01,131,28.9,25.7,33.5
2022-08-02,131,28.8,26.2,32
2022-08-03,131,29.4,26.3,33.8
2022-08-04,131,29.5,26.2,33.6
2022-08-05,131,29.9,26.8,33.9
2022-08-06,131,30.6,27.1,35
2022-08-07,131,30.5,28,34.2
2022-08-08,131,28.9,26.7,30.7
2022-08-09,131,28.2,25.6,30.5
2022-08-10,131,24.9,23.3,28.5
2022-08-11,131,25.2,24.6,25.7
2022-08-12,131,27.9,23.5,32.5
2022-08-13,131,26.2,24.7,28.7
2022-08-14,131,27,25,29.6
2022-08-15,131,28.7,24,32.5
2022-08-16,131,27.4,23.8,31
2022-08-17,131,25.7,23.2,31.2
2022-08-18,131,25.6,20.8,30.3
2022-08-19,131,27.1,22.7,30.2
2022-08-20,131,28.6,25.8,32.7
2022-08-21,131,28.3,23.7,33
2022-08-22,131,27.8,24.7,32.2
2022-08-23,131,24.8,23.4,27
2022-08-24,131,24.6,23.3,26.7
2022-08-25,131,23.4,20,27.7
2022-08-26,131,23.6,18.4,28.9
2022-08-27,131,22.7,19.8,26.3
2022-08-28,131,22.9,16.1,28.7
2022-08-29,131,20.8,18.2,23.2
2022-08-30,131,19.4,18,20.4
2022-08-31,131,21.4,20,23.2
2022-09-01,131,23.5,20.1,28.5
2022-09-02,131,24.3,19.1,29.6
2022-09-03,131,24.4,21,28.6
2022-09-04,131,25,22.5,27.5
2022-09-05,131,23,18.8,26.1
2022-09-06,131,21.4,17.7,26.5
2022-09-07,131,22,17.3,28.6
2022-09-08,131,22.8,16.2,29.6
2022-09-09,131,23.9,18.5,30.1
2022-09-10,131,23.5,19.7,27.9
2022-09-11,131,24.4,20.2,28.6
2022-09-12,131,24.1,21.3,27.2
2022-09-13,131,25.1,22.2,29.1
2022-09-14,131,25.3,22.3,30.1
2022-09-15,131,26.2,22.2,31
2022-09-16,131,26.7,22.8,31.6
2022-09-17,131,27.8,24.3,33.3
2022-09-18,131,28.2,25,33.4
2022-09-19,131,24.8,19.2,29.4
2022-09-20,131,19.9,16.1,23.6
2022-09-21,131,19.4,14.1,25
2022-09-22,131,19.6,14.5,24.2
2022-09-23,131,18.3,15.6,24.3
2022-09-24,131,18.5,12.6,24.2
2022-09-25,131,19.6,15.5,24.6
2022-09-26,131,20,15.3,25.9
2022-09-27,131,20.7,13.6,27.8
2022-09-28,131,20.3,15.6,25.3
2022-09-29,131,19.9,16.5,25.6
2022-09-30,131,20.1,13.6,28.6
2022-10-01,131,20.8,14.3,27.7
2022-10-02,131,21.1,17.2,25.5
2022-10-03,131,23.4,19.2,26.1
2022-10-04,131,20,16.2,24.2
2022-10-05,131,17.2,14.8,22.1
2022-10-06,131,17.2,14.6,21.1
2022-10-07,131,16.3,14,19.9
2022-10-08,131,16.4,11.3,21.3
2022-10-09,131,13.8,11.5,15.6
2022-10-10,131,10.8,8.8,14.1
2022-10-11,131,12.1,8.8,17.4
2022-10-12,131,13,6,21.5
2022-10-13,131,16,10.1,22.6
2022-10-14,131,16.7,12,22
2022-10-15,131,19.3,13.8,24.8
2022-10-16,131,18.5,16.6,22.1
2022-10-17,131,13,8.3,16.7
2022-10-18,131,9.5,5.1,14.5
2022-10-19,131,10.3,4.1,16.9
2022-10-20,131,12.1,5,19.7
2022-10-21,131,13.6,8.3,19
2022-10-22,131,15.1,8.8,21.1
2022-10-23,131,14.7,11.5,18.9
2022-10-24,131,10.9,7.4,16.4
2022-10-25,131,11.3,5.4,17.1
2022-10-26,131,12.7,6.5,18.5
2022-10-27,131,13.8,8.1,20.4
2022-10-28,131,13.8,9.3,20.2
2022-10-29,131,14.7,9.8,20.7
2022-10-30,131,14.7,9.5,20.3
2022-10-31,131,15.1,10.6,20.4
2022-11-01,131,13.7,9.8,19.2
2022-11-02,131,11.2,6.5,18.4
2022-11-03,131,10.3,5,16.1
2022-11-04,131,6.6,4,10.1
2022-11-05,131,7.1,0.6,13.7
2022-11-06,131,8.5,1.9,15.9
2022-11-07,131,10.4,3.9,16.5
2022-11-08,131,12.8,8.1,18.5
2022-11-09,131,10.8,6.5,15.8
2022-11-10,131,12.4,6.9,18.7
2022-11-11,131,15.2,9.1,22.4
2022-11-12,131,17.5,10.1,24.5
2022-11-13,131,11.5,9.5,18.8
2022-11-14,131,10.3,6.8,15.1
2022-11-15,131,8.5,4.3,13
2022-11-16,131,9.7,6,14.6
2022-11-17,131,10,5.5,15.8
2022-11-18,131,10.4,4.1,18.1
2022-11-19,131,12.4,5.6,19.2
2022-11-20,131,13.1,9.7,18.3
2022-11-21,131,12.6,6.9,19.1
2022-11-22,131,11.6,9,14.6
2022-11-23,131,11.4,7.6,16.3
2022-11-24,131,9.1,5,14.7
2022-11-25,131,10.9,3.7,17.3
2022-11-26,131,9.3,3.9,13.7
2022-11-27,131,6.3,-0.3,13.2
2022-11-28,131,8.4,3.7,11.8
2022-11-29,131,9.1,1.8,14.1
2022-11-30,131,-2.8,-4.8,1.7
2022-12-01,131,-3.3,-6.9,0.6
2022-12-02,131,-1.4,-5.8,2.6
2022-12-03,131,2.3,-1.3,5.3
2022-12-04,131,-1,-2.6,3
2022-12-05,131,-1.7,-4.5,2.5
2022-12-06,131,0.2,-4.5,4
2022-12-07,131,5,1.4,9.4
2022-12-08,131,3.9,0,9.3
2022-12-09,131,4.2,-1.2,10.5
2022-12-10,131,2.7,-1,5.8
2022-12-11,131,2.3,-1.7,8.6
2022-12-12,131,2.1,-2.8,6.6
2022-12-13,131,1.9,-3.3,5
2022-12-14,131,-7,-9.1,-3.3
2022-12-15,131,-2.3,-8.9,4.3
2022-12-16,131,-4.3,-6.7,-1.8
2022-12-17,131,-5.5,-8.2,-2.8
2022-12-18,131,-8.3,-11.4,-5
2022-12-19,131,-6,-11.5,-1.2
2022-12-20,131,-2.8,-8.4,2.2
2022-12-21,131,0.2,-1.9,2
2022-12-22,131,-5.4,-9,0
2022-12-23,131,-9.1,-10.9,-6
2022-12-24,131,-9.1,-13.9,-4.9
2022-12-25,131,-5.4,-11.7,0.8
2022-12-26,131,-4.5,-8.9,0.5
2022-12-27,131,-2.9,-8.5,3
2022-12-28,131,-1.9,-4.4,1.6
2022-12-29,131,-2.9,-7.6,1.4
2022-12-30,131,-0.7,-2.6,2.5
2022-12-31,131,-1.6,-5.6,3.5
2023-01-01,131,-0.3,-4.5,5.3
2023-01-02,131,-2.9,-5.3,0.7
2023-01-03,131,-3.3,-8,1.7
2023-01-04,131,-1.4,-7,4.4
2023-01-05,131,-1,-5.7,3.4
2023-01-06,131,1.2,-4.1,6.2
2023-01-07,131,2.9,-0.4,5.5
2023-01-08,131,1.5,-3.5,6.8
2023-01-09,131,2.7,-0.6,8.7
2023-01-10,131,1.7,-4,8.3
2023-01-11,131,2.6,-2.8,9.5
2023-01-12,131,5.5,-2,13.4
2023-01-13,131,9.4,5.3,12.8
2023-01-14,131,7.6,5.4,10
2023-01-15,131,0.7,-2.5,5.5
2023-01-16,131,-3,-5,0.1
2023-01-17,131,-2,-5.7,1.8
2023-01-18,131,0,-2.4,4
2023-01-19,131,0.9,-4.5,5.5
2023-01-20,131,-1.1,-5,3.5
2023-01-21,131,-3.1,-7.5,1.7
2023-01-22,131,-0.3,-3.1,3.1
2023-01-23,131,0.8,-3,6.8
2023-01-24,131,-11.4,-14.9,-3.1
2023-01-25,131,-11.3,-16.7,-6
2023-01-26,131,-6.3,-9.7,-4.4
2023-01-27,131,-6.1,-9.3,-2.8
2023-01-28,131,-5.4,-10.5,-0.9
2023-01-29,131,-0.9,-6.9,5
2023-01-30,131,0.2,-2.8,4.1
2023-01-31,131,2.5,-5.1,9.7
2023-02-01,131,2.6,-2.1,6.4
2023-02-02,131,-1,-3.8,3.2
2023-02-03,131,-0.5,-2.8,4
2023-02-04,131,0.1,-4.7,6
2023-02-05,131,1.3,-4.2,7.4
2023-02-06,131,2.7,-3.3,8.9
2023-02-07,131,3.7,-1,10.3
2023-02-08,131,2.7,-1.4,8.3
2023-02-09,131,3.8,-3.6,10.6
2023-02-10,131,3.9,2,7
2023-02-11,131,1.4,-0.9,5.3
2023-02-12,131,1.7,-2.8,5.4
2023-02-13,131,6.5,3.6,10.1
2023-02-14,131,2.5,0.1,6.9
2023-02-15,131,3.4,-0.9,8.3
2023-02-16,131,3.5,1,7.2
2023-02-17,131,4.8,-1.3,10.4
2023-02-18,131,6.8,5,9.5
2023-02-19,131,3.6,0.3,7.7
2023-02-20,131,0.2,-2.5,4.7
2023-02-21,131,-0.4,-4.6,4.7
2023-02-22,131,2.1,-4.6,9.7
2023-02-23,131,3.8,-1,9.8
2023-02-24,131,4.2,0.6,9.9
2023-02-25,131,1.2,-2.3,5.8
2023-02-26,131,2.5,-3.6,9.6
2023-02-27,131,4.9,-3,13.8
2023-02-28,131,6.4,-1.7,14.1
2023-03-01,131,6.9,3.2,10.1
2023-03-02,131,2.8,0.3,6.6
2023-03-03,131,5,-2.3,13.2
2023-03-04,131,7.3,1.2,13.6
2023-03-05,131,8.6,1.3,16.4
2023-03-06,131,9.5,1.1,17.8
2023-03-07,131,12.5,4.5,21.1
2023-03-08,131,14.4,7.5,21.5
2023-03-09,131,14.6,10.1,20.9
2023-03-10,131,15.2,6.1,24.1
2023-03-11,131,17.4,9.1,24.8
2023-03-12,131,7.7,1,15.8
2023-03-13,131,4.1,-0.9,9.9
2023-03-14,131,10.3,2.5,17.7
2023-03-15,131,11.6,5.4,19.4
2023-03-16,131,6.3,2.2,12.1
2023-03-17,131,7.9,2.2,12.9
2023-03-18,131,9.2,5.9,14.7
2023-03-19,131,9.2,2,17
2023-03-20,131,11.1,3.4,19.3
2023-03-21,131,14.1,5.2,22.8
2023-03-22,131,17.7,8.6,25.8
2023-03-23,131,15.5,12.3,20.6
2023-03-24,131,12.9,7.7,18.3
2023-03-25,131,11.8,10.1,14.6
2023-03-26,131,10.3,5.8,15.9
2023-03-27,131,8.1,2,15.1
2023-03-28,131,9.7,2,16.4
2023-03-29,131,12.7,4,21
2023-03-30,131,14.6,6,23.2
2023-03-31,131,15.2,6.5,23.8
2023-04-01,131,17.7,8.6,25.7
2023-04-02,131,17.7,11.6,23.2
2023-04-03,131,17.5,9.3,23.9
2023-04-04,131,16.6,12.4,23.1
2023-04-05,131,13.6,9.1,16.8
2023-04-06,131,9.8,7.8,11.3
2023-04-07,131,9.6,4.9,16.6
2023-04-08,131,9.2,2.3,16
2023-04-09,131,11.6,4,19.7
2023-04-10,131,13.8,4.5,21.5
2023-04-11,131,15.5,11.3,21.3
2023-04-12,131,12,6.5,18.2
2023-04-13,131,14.4,4.9,23.4
2023-04-14,131,17.1,10.1,23.5
2023-04-15,131,13.9,9.6,16.8
2023-04-16,131,11.4,7.8,16.7
2023-04-17,131,14.5,6.8,20.6
2023-04-18,131,14.4,11.3,16.7
2023-04-19,131,20.7,13.6,27.4
2023-04-20,131,19.9,16,26.4
2023-04-21,131,18.3,14.3,23
2023-04-22,131,16.9,12.1,22.2
2023-04-23,131,16.8,11.8,21.6
2023-04-24,131,15.7,12.8,19.6
2023-04-25,131,10.6,8.6,12.9
2023-04-26,131,10,7.4,14.8
2023-04-27,131,13.6,4.1,22.6
2023-04-28,131,17.4,9,23.8
2023-04-29,131,15,10,18.9
2023-04-30,131,14.5,7.9,21.6
2023-05-01,131,15.7,10.4,21.5
2023-05-02,131,18.3,8.6,26.5
2023-05-03,131,20.8,14.6,26.8
2023-05-04,131,21.1,16.6,28
2023-05-05,131,20,17.7,21.6
2023-05-06,131,14.4,12.3,20.7
2023-05-07,131,13,10.2,15.3
2023-05-08,131,15.1,7.5,23.2
2023-05-09,131,17.7,9.3,25.8
2023-05-10,131,18.9,11.3,26.2
2023-05-11,131,20.4,12.6,27.7
2023-05-12,131,19.6,14.6,25.3
2023-05-13,131,19.3,14.3,25.8
2023-05-14,131,19.3,12.3,25.9
2023-05-15,131,21.9,13,28.9
2023-05-16,131,24.9,17.6,32.3
2023-05-17,131,24.6,17.7,31.2
2023-05-18,131,20.9,19.2,23.3
2023-05-19,131,21.9,17.7,26.4
2023-05-20,131,21.8,16.8,28.3
2023-05-21,131,19.2,16.3,24.8
2023-05-22,131,18.9,15.3,23.4
2023-05-23,131,19.5,12.3,25.8
2023-05-24,131,21.3,14.6,27.2
2023-05-25,131,22,16.7,27.9
2023-05-26,131,22.2,16.7,27.6
2023-05-27,131,20.5,19.1,22.2
2023-05-28,131,20.5,19.1,21.8
2023-05-29,131,21.4,20.2,23.7
2023-05-30,131,22.6,17.4,27.2
2023-05-31,131,23.4,17.3,28.6
2023-06-01,131,23.5,19.5,27.4
2023-06-02,131,21.9,19.7,25.8
2023-06-03,131,22.6,17.2,28.7
2023-06-04,131,23.2,17.2,29.4
2023-06-05,131,22.7,18.6,27.9
2023-06-06,131,21.8,17.6,28.1
2023-06-07,131,22.5,17.8,26.8
2023-06-08,131,23.1,19.2,27.3
2023-06-09,131,24.8,20,29.9
2023-06-10,131,24.6,20.7,31.4
2023-06-11,131,23.9,18.7,29.8
2023-06-12,131,23.9,19.5,29.9
2023-06-13,131,23.3,19.7,29.2
2023-06-14,131,23.2,18.5,28.7
2023-06-15,131,23.4,18.6,28.8
2023-06-16,131,25,18.7,31.6
2023-06-17,131,25.7,20.2,33
2023-06-18,131,26.6,21,34
2023-06-19,131,28.4,21.7,34.3
2023-06-20,131,24.6,20.6,27.8
2023-06-21,131,21.6,20.1,23.2
2023-06-22,131,23.7,19.7,28.7
2023-06-23,131,26,21.2,31.6
2023-06-24,131,27.4,23.1,32.4
2023-06-25,131,27.6,22.7,32.5
2023-06-26,131,24.6,21.8,27.5
2023-06-27,131,26.9,23.5,31.8
2023-06-28,131,25.1,21.3,28.7
2023-06-29,131,25.4,24,26.8
2023-06-30,131,25.9,23.8,28.7
2023-07-01,131,28.7,24.7,33.9
2023-07-02,131,28.5,25.1,32
2023-07-03,131,29.8,24.6,34.9
2023-07-04,131,25.9,24,29.2
2023-07-05,131,25.5,23.3,30
2023-07-06,131,27.9,23.1,32.8
2023-07-07,131,23.1,20.3,27.6
2023-07-08,131,25.7,20.4,31.1
2023-07-09,131,27.5,24.8,31.7
2023-07-10,131,27.5,21.8,32.5
2023-07-11,131,25.2,23.8,27.2
2023-07-12,131,27.7,24.2,31.8
2023-07-13,131,26.3,25.1,27.6
2023-07-14,131,25.1,24.5,26.1
2023-07-15,131,23.5,22.2,25.2
2023-07-16,131,25.1,22.7,28.7
2023-07-17,131,26.7,24.5,32.5
2023-07-18,131,24.3,23.5,25.4
2023-07-19,131,27.2,23,32.4
2023-07-20,131,27.9,22.8,32.5
2023-07-21,131,29.7,24.3,35.1
2023-07-22,131,27.3,25.6,31.5
2023-07-23,131,26,25.2,27.1
2023-07-24,131,27.4,24.5,30.8
2023-07-25,131,26.8,25,30
2023-07-26,131,27.3,24.5,32
2023-07-27,131,28.3,24.1,34
2023-07-28,131,29.6,24.9,34.8
2023-07-29,131,30.7,26.3,35.3
2023-07-30,131,29.2,26.5,34.8
2023-07-31,131,29.4,25.7,33.4
2023-08-01,131,30.4,25.3,35.7
2023-08-02,131,30.5,27,34.9
2023-08-03,131,30.4,25.2,35.3
2023-08-04,131,31.1,26.6,36
2023-08-05,131,31.1,27.3,36
2023-08-06,131,31.2,26.2,36.4
2023-08-07,131,30.3,28.2,35.8
2023-08-08,131,30.6,26,35.4
2023-08-09,131,27.4,23.5,32.4
2023-08-10,131,22.2,21.6,23.6
2023-08-11,131,26.3,22,30.6
2023-08-12,131,25.6,22.2,29.7
2023-08-13,131,28.2,23.6,33.1
2023-08-14,131,29.2,25.3,34.7
2023-08-15,131,29.4,25.7,33.9
2023-08-16,131,28.1,25.1,33.1
2023-08-17,131,28.2,24.1,32.2
2023-08-18,131,28.1,25.2,33
2023-08-19,131,29.3,25.1,34
2023-08-20,131,29.3,26.2,34
2023-08-21,131,30,26.2,34.9
2023-08-22,131,29,26.1,34
2023-08-23,131,27.5,25.1,31.5
2023-08-24,131,26.2,24,29.9
2023-08-25,131,27.2,24.2,31.6
2023-08-26,131,26.3,22.2,31
2023-08-27,131,27.1,22.6,31.2
2023-08-28,131,27.2,24.2,29.7
2023-08-29,131,25.5,22.5,29.1
2023-08-30,131,22.3,21.3,23.6
2023-08-31,131,23.6,21.1,28
2023-09-01,131,24,18.6,29.8
2023-09-02,131,25.9,19.8,31.9
2023-09-03,131,28.1,23.7,32.9
2023-09-04,131,28.5,25.2,31.8
2023-09-05,131,28.1,25.6,31.5
2023-09-06,131,27.7,23.3,32.5
2023-09-07,131,26.2,20.7,30.9
2023-09-08,131,24.8,19.5,30.2
2023-09-09,131,25.8,19.7,31.4
2023-09-10,131,25.9,21.2,31
2023-09-11,131,26.4,22.7,31.5
2023-09-12,131,26.1,22.3,30.5
2023-09-13,131,22.2,20.1,25.3
2023-09-14,131,22.9,19.8,26.3
2023-09-15,131,22.9,21.2,25.2
2023-09-16,131,23.9,21.7,28.3
2023-09-17,131,25.3,22.6,29.4
2023-09-18,131,25.5,22.7,29.7
2023-09-19,131,24.4,20.8,27.8
2023-09-20,131,21.5,19.8,24.2
2023-09-21,131,20,17.5,23
2023-09-22,131,19.9,15.3,25.4
2023-09-23,131,21.2,15.6,26.5
2023-09-24,131,21.5,16.8,26.1
2023-09-25,131,22.3,19.1,27.3
2023-09-26,131,21.2,19.8,23
2023-09-27,131,22.3,21.1,24.6
2023-09-28,131,23.1,20.2,27.8
2023-09-29,131,21.6,19.2,24.8
2023-09-30,131,19.6,15.8,24
2023-10-01,131,19.4,15.5,24.3
2023-10-02,131,18.1,13,24
2023-10-03,131,16.8,12.8,22
2023-10-04,131,18.5,12.3,24.5
2023-10-05,131,15.7,13.1,19.5
2023-10-06,131,15.8,10,21.5
2023-10-07,131,17.1,11.6,21.4
2023-10-08,131,18.4,15.8,21.5
2023-10-09,131,18.1,14.1,22.3
2023-10-10,131,18,13.8,22.7
2023-10-11,131,17.8,12.8,23.6
2023-10-12,131,17.4,11.8,23.8
2023-10-13,131,17.6,13.6,22.2
2023-10-14,131,15.3,13,22
2023-10-15,131,16,12,22.2
2023-10-16,131,15.6,11.3,20.9
2023-10-17,131,14.3,7.5,21.2
2023-10-18,131,15.6,8.8,23.3
2023-10-19,131,16.1,12.5,19.4
2023-10-20,131,13,9.5,16.5
2023-10-21,131,11.5,5.4,18.1
2023-10-22,131,12.9,5.8,18.3
2023-10-23,131,15.3,10.1,21
2023-10-24,131,14.9,10.1,20.1
2023-10-25,131,16.2,11,22
2023-10-26,131,17.7,13.5,22.7
2023-10-27,131,15.6,12.9,19.4
2023-10-28,131,14.1,9.1,20.7
2023-10-29,131,14.4,8.3,21.3
2023-10-30,131,15,9.1,21.7
2023-10-31,131,15.7,11.5,21.8
2023-11-01,131,18.7,13.5,23.2
2023-11-02,131,20.3,16,26.5
2023-11-03,131,20.4,15.6,25.1
2023-11-04,131,19.4,18.5,21.5
2023-11-05,131,20.2,16.7,25
2023-11-06,131,15.8,8.1,20.7
2023-11-07,131,8.5,5.2,12
2023-11-08,131,9.5,2.2,17.1
2023-11-09,131,13.1,5.7,20.2
2023-11-10,131,6.4,2.2,12.3
2023-11-11,131,3,0,6.9
2023-11-12,131,2.8,-0.4,6.5
2023-11-13,131,3.7,-0.9,8.7
2023-11-14,131,6.4,1.7,12
2023-11-15,131,7.6,3.2,13.3
2023-11-16,131,6.3,4.8,8
2023-11-17,131,2.9,-0.9,7.2
2023-11-18,131,2.3,-2.5,7.1
2023-11-19,131,8.3,2.5,13.8
2023-11-20,131,7.2,2.5,13.4
2023-11-21,131,7.2,0,15.1
2023-11-22,131,8.8,1.7,15.6
2023-11-23,131,12,5,17.6
2023-11-24,131,1.3,-1.8,5
2023-11-25,131,-0.4,-4.5,4.9
2023-11-26,131,4.6,-1.3,8.6
2023-11-27,131,7.6,5.4,11.3
2023-11-28,131,3.9,1.5,7.4
2023-11-29,131,2.3,-0.7,6.4
2023-11-30,131,-2,-5.4,1.4
2023-12-01,131,-1.2,-4.6,2.8
2023-12-02,131,2.8,-3.4,8.1
2023-12-03,131,3,-0.3,7.4
2023-12-04,131,2.6,-3,8.8
2023-12-05,131,4.7,-0.5,11.1
2023-12-06,131,6.4,1,11.1
2023-12-07,131,7.5,3,12.3
2023-12-08,131,12.4,3.7,19.3
2023-12-09,131,14.9,11.2,19.6
2023-12-10,131,13.6,9.3,17.9
2023-12-11,131,12.5,8.3,15.6
2023-12-12,131,7.4,5.5,10.1
2023-12-13,131,9.2,4.5,12.9
2023-12-14,131,10.8,9.8,12.3
2023-12-15,131,7.6,6,10.5
2023-12-16,131,-1.7,-7.5,6.1
2023-12-17,131,-8.1,-10.4,-5.2
2023-12-18,131,-6.3,-10.2,-4
2023-12-19,131,-2.4,-6.9,0.4
2023-12-20,131,-5.4,-8.9,-0.9
2023-12-21,131,-9.4,-11.4,-6.5
2023-12-22,131,-9.2,-12.4,-5.7
2023-12-23,131,-5.7,-11,-1.8
2023-12-24,131,-1.7,-4.6,1.7
2023-12-25,131,0,-2.4,2.6
2023-12-26,131,2.8,-0.4,8
2023-12-27,131,2.9,-1,8.1
2023-12-28,131,1.7,-1.8,5.6
2023-12-29,131,2.1,-1.2,6.1
2023-12-30,131,0.7,-1.8,2.7
2023-12-31,131,4.1,2.5,5.5
2024-01-01,131,3.6,-0.5,7.1
2024-01-02,131,4.4,2.5,6.4
2024-01-03,131,2.6,0.6,5.3
2024-01-04,131,2,-2,6
2024-01-05,131,5,1.2,9.9
2024-01-06,131,2.2,-0.4,6
2024-01-07,131,-2,-5.1,0.8
2024-01-08,131,-3.4,-7.4,1
2024-01-09,131,-0.1,-3.1,2.2
2024-01-10,131,-0.3,-1.1,0.6
2024-01-11,131,1.4,-2.8,4.1
2024-01-12,131,3.4,0.2,7.9
2024-01-13,131,1.6,-3,6.7
2024-01-14,131,1.6,-3.6,7.9
2024-01-15,131,-1.8,-4.6,2.4
2024-01-16,131,-1.1,-5.5,4.2
2024-01-17,131,1.2,-1.8,2.9
2024-01-18,131,4.8,2.2,7
2024-01-19,131,6.6,5.1,9.6
2024-01-20,131,4.1,2.5,7.1
2024-01-21,131,2.9,0.3,7
2024-01-22,131,-5.9,-10.2,0.3
2024-01-23,131,-10,-12.4,-6.6
2024-01-24,131,-7.1,-11.5,-3.6
2024-01-25,131,-4.5,-8.7,0.5
2024-01-26,131,-1.6,-6.2,2.7
2024-01-27,131,0.4,-3.5,4.9
2024-01-28,131,0.4,-2.6,3.7
2024-01-29,131,0,-4.1,5.1
2024-01-30,131,1.6,-4,8.6
2024-01-31,131,5.9,0.8,12.4
2024-02-01,131,4.1,2.4,6.5
2024-02-02,131,4.1,1.2,8.9
2024-02-03,131,5,0.1,9.9
2024-02-04,131,6.3,1.7,10.3
2024-02-05,131,3.5,0.5,6
2024-02-06,131,1.9,0.3,4.1
2024-02-07,131,1.2,-0.3,3
2024-02-08,131,1.4,-2.5,6.4
2024-02-09,131,1.6,-2.8,7
2024-02-10,131,2,-2.1,6.6
2024-02-11,131,1.3,-2.6,5.6
2024-02-12,131,4.4,-2.5,11.8
2024-02-13,131,8.9,0.1,16.5
2024-02-14,131,13.6,8.8,18.8
2024-02-15,131,6.4,1.7,13.8
2024-02-16,131,3.9,-0.5,9.1
2024-02-17,131,6.2,-1,13.6
2024-02-18,131,6.4,1.1,10.1
2024-02-19,131,10.4,5.6,14.4
2024-02-20,131,5.8,3.9,8
2024-02-21,131,4.4,1.5,6.9
2024-02-22,131,1.2,0.3,2.7
2024-02-23,131,2.9,0.3,5.9
2024-02-24,131,2.9,0.6,6.5
2024-02-25,131,2.8,0.8,5.2
2024-02-26,131,4.2,0.4,9.2
2024-02-27,131,5.4,1.1,10.2
2024-02-28,131,6.9,3.4,11.1
2024-02-29,131,5.5,2.7,7.7
2024-03-01,131,-2.3,-5.1,2.7
2024-03-02,131,-0.6,-6.9,4.8
2024-03-03,131,6,1.1,12.3
2024-03-04,131,7.2,1.7,12.5
2024-03-05,131,7.4,5.9,9
2024-03-06,131,7.3,2.5,11.7
2024-03-07,131,5.4,1.7,9.6
2024-03-08,131,3.6,0.8,8.8
2024-03-09,131,2.8,-1.9,8.6
2024-03-10,131,5.2,-2.1,12.7
2024-03-11,131,7,1.1,12.1
2024-03-12,131,6.6,4.4,9.7
2024-03-13,131,7.4,1.7,14.3
2024-03-14,131,9.1,2.7,17
2024-03-15,131,10.5,3.4,19.1
2024-03-16,131,12.2,3.7,21.2
2024-03-17,131,9.7,5.6,12.7
2024-03-18,131,8.5,2.2,15.6
2024-03-19,131,7.5,4.8,13.1
2024-03-20,131,5.1,2.4,9.4
2024-03-21,131,5.9,-0.4,12.8
2024-03-22,131,10.9,3.7,17.7
2024-03-23,131,15.2,11.1,21.2
2024-03-24,131,15.7,12,21.4
2024-03-25,131,10.9,8,14.1
2024-03-26,131,7,2.8,10.4
2024-03-27,131,11.1,3.8,17.4
2024-03-28,131,10.2,9.5,12.1
2024-03-29,131,9.8,6,13.6
2024-03-30,131,10.6,2.2,17.7
2024-03-31,131,11.4,3.5,18.3
2024-04-01,131,13.6,5.8,22.1
2024-04-02,131,17.2,7.6,25.5
2024-04-03,131,14.9,13.6,17.6
2024-04-04,131,14.7,13.1,17.2
2024-04-05,131,14.5,11.1,19.3
2024-04-06,131,14,9,19.7
2024-04-07,131,16.4,8.3,24.7
2024-04-08,131,16.9,10.5,24.2
2024-04-09,131,15.8,11.1,21.6
2024-04-10,131,14.6,9.6,20.2
2024-04-11,131,16.9,12.1,22.5
2024-04-12,131,18.3,12.1,25.5
2024-04-13,131,20,12.5,28.6
2024-04-14,131,21.7,12.6,28.9
2024-04-15,131,17.2,13.6,21.1
2024-04-16,131,15.4,12,21.8
2024-04-17,131,15.8,9.6,23.1
2024-04-18,131,18.4,11,26.1
2024-04-19,131,19.3,11.3,26.6
2024-04-20,131,14.7,13.3,18.2
2024-04-21,131,16.9,13.6,19.5
2024-04-22,131,18.4,15.1,23.5
2024-04-23,131,17.6,12.1,23
2024-04-24,131,14.4,11.7,18.7
2024-04-25,131,15.9,10.3,23.2
2024-04-26,131,18.9,11.8,26.9
2024-04-27,131,19.5,12.6,27.3
2024-04-28,131,20.9,11.6,28.5
2024-04-29,131,18.8,16.6,21
2024-04-30,131,17.7,15.3,21.7
2024-05-01,131,17.6,13.6,22.4
2024-05-02,131,18.1,11.5,25
2024-05-03,131,19.8,11.5,27.6
2024-05-04,131,21.7,13.5,28.5
2024-05-05,131,18.8,17.7,21.8
2024-05-06,131,15.2,13.6,17.7
2024-05-07,131,13.6,11.6,15.7
2024-05-08,131,15.3,9.8,20.5
2024-05-09,131,17,10.1,23.9
2024-05-10,131,18.9,12.3,25.8
2024-05-11,131,19.4,14.4,25.6
2024-05-12,131,17.1,12.5,22.3
2024-05-13,131,18.7,11.8,26
2024-05-14,131,19.9,12.6,26.7
2024-05-15,131,14.6,8.6,23.5
2024-05-16,131,15.1,8,21.4
2024-05-17,131,19.9,13,26.2
2024-05-18,131,21.7,14.5,28.6
2024-05-19,131,22.5,16.5,29.5
2024-05-20,131,20.5,15.5,25.7
2024-05-21,131,21.5,17.7,27.2
2024-05-22,131,22,16.6,27.9
2024-05-23,131,22.4,16.8,29.6
2024-05-24,131,21.3,15.8,27.7
2024-05-25,131,21.2,19.1,23.6
2024-05-26,131,21.3,17.2,27.3
2024-05-27,131,19.4,15.3,24.1
2024-05-28,131,20,14.3,25
2024-05-29,131,22,15.1,28.6
2024-05-30,131,22.2,17.6,26.1
2024-05-31,131,22,18.2,27.4
2024-06-01,131,20.7,17.8,25.2
2024-06-02,131,21.3,15.5,27.3
2024-06-03,131,22.3,15.8,27.7
2024-06-04,131,23.2,16.7,28.8
2024-06-05,131,23.4,17.4,29.8
2024-06-06,131,23.9,18.8,30.1
2024-06-07,131,23.8,18.6,28.6
2024-06-08,131,21.2,18.6,26.3
2024-06-09,131,24.2,19.7,30.2
2024-06-10,131,25.1,18.7,31.5
2024-06-11,131,26.4,21.2,32.5
2024-06-12,131,26.1,20.4,33.4
2024-06-13,131,26.6,19.6,33.7
2024-06-14,131,27.2,21.7,32.7
2024-06-15,131,25.2,22.3,28.8
2024-06-16,131,25.3,20.7,30.4
2024-06-17,131,25.2,19.3,29.9
2024-06-18,131,26.6,19.2,34.4
2024-06-19,131,28.5,21.2,36.3
2024-06-20,131,27.3,22.5,32.7
2024-06-21,131,27.3,21.2,33.3
2024-06-22,131,23.8,22.4,26.1
2024-06-23,131,25.3,23.1,29.4
2024-06-24,131,25.5,21,30.4
2024-06-25,131,23.5,19.1,29.4
2024-06-26,131,25,19.7,30.7
2024-06-27,131,25,20.8,29.6
2024-06-28,131,26.2,19.2,33
2024-06-29,131,26.2,23.1,31.5
2024-06-30,131,25.9,24.2,29.6
2024-07-01,131,27.5,22.7,32.4
2024-07-02,131,24.9,22.3,26.8
2024-07-03,131,26.4,24.2,29.7
2024-07-04,131,28.5,23.8,32.9
2024-07-05,131,26.9,24.2,30.5
2024-07-06,131,28.3,23.7,32.3
2024-07-07,131,24.8,22,28.1
2024-07-08,131,24.5,23.2,25.8
2024-07-09,131,24.2,23.1,25.7
2024-07-10,131,25.7,21.8,29.3
2024-07-11,131,25.9,23.1,29.6
2024-07-12,131,26.8,23.1,31.7
2024-07-13,131,27.5,24.3,32.9
2024-07-14,131,27.2,25.2,30.7
2024-07-15,131,28.1,25,31.7
2024-07-16,131,25.6,23,29.2
2024-07-17,131,27.9,23,31.3
2024-07-18,131,26.4,24.2,28.2
2024-07-19,131,27,24.8,31
2024-07-20,131,27.6,24.6,31.6
2024-07-21,131,28.6,25.1,32.5
2024-07-22,131,30.1,27.5,32.8
2024-07-23,131,27.8,26.7,29.7
2024-07-24,131,29.2,26.4,33.4
2024-07-25,131,29.8,25.7,34.9
2024-07-26,131,29.8,25.7,35.1
2024-07-27,131,29.4,27.6,33.1
2024-07-28,131,30.8,28,34.9
2024-07-29,131,29.2,27.2,32.5
2024-07-30,131,29.3,27,33.3
2024-07-31,131,30.3,27.2,35.3
2024-08-01,131,30.7,27.8,34.7
2024-08-02,131,31.2,28.6,34.4
2024-08-03,131,31.5,28.2,35.8
2024-08-04,131,31.5,27.2,37
2024-08-05,131,29.7,24,36.2
2024-08-06,131,29.5,24.7,33.7
2024-08-07,131,30.5,26.8,34.7
2024-08-08,131,28.4,26.8,30.8
2024-08-09,131,30,26.1,34.7
2024-08-10,131,30.5,26.2,35.4
2024-08-11,131,31,27.2,35.7
2024-08-12,131,31,26.7,36.3
2024-08-13,131,30.6,26.7,35.6
2024-08-14,131,30.8,26.7,35.2
2024-08-15,131,30.4,27,34.4
2024-08-16,131,30.4,26.7,34.2
2024-08-17,131,30.7,27.3,34.7
2024-08-18,131,30.6,26.8,35.5
2024-08-19,131,31.2,26.7,35.2
2024-08-20,131,30.7,27.7,36.4
2024-08-21,131,29.2,27.2,32.7
2024-08-22,131,29.1,26.6,33.6
2024-08-23,131,28.2,25.2,32.1
2024-08-24,131,28.6,25.8,32.7
2024-08-25,131,29,25.2,33.7
2024-08-26,131,28.8,25.7,31.6
2024-08-27,131,26.9,25.8,28.2
2024-08-28,131,28,22.7,32.8
2024-08-29,131,28.3,23.6,33.8
2024-08-30,131,28.1,23.8,34.2
2024-08-31,131,27.7,23.3,32.1
2024-09-01,131,27.8,24.7,32.5
2024-09-02,131,26.1,21.9,29.4
2024-09-03,131,27.5,23.3,32.1
2024-09-04,131,27.9,22.2,33.4
2024-09-05,131,27.7,24.6,32.9
2024-09-06,131,26.3,24.2,29.1
2024-09-07,131,27.5,24.2,32.4
2024-09-08,131,27.9,23.7,33.6
2024-09-09,131,29.6,25.7,34.7
2024-09-10,131,30.4,26.2,36.2
2024-09-11,131,28.4,26,33.9
2024-09-12,131,26.7,25,29.6
2024-09-13,131,28.4,24.5,33.1
2024-09-14,131,29.1,26.5,33.4
2024-09-15,131,30.2,26.2,35.5
2024-09-16,131,29,26.1,31.7
2024-09-17,131,30.3,26.5,34.9
2024-09-18,131,28.8,24.7,34.2
2024-09-19,131,,24.7,32.5
2024-09-20,131,26.8,25.4,28.9
2024-09-21,131,20.2,19.5,25.7
2024-09-22,131,21.7,18.3,26.2
2024-09-23,131,21.5,17.6,26.3
2024-09-24,131,21.6,15.6,27.3
2024-09-25,131,24.2,19.9,28.6
2024-09-26,131,24.9,21.8,29.6
2024-09-27,131,23.9,20.6,28.6
2024-09-28,131,24,19.7,28.7
2024-09-29,131,23.6,19.3,28.4
2024-09-30,131,22.4,16.8,27.9
2024-10-01,131,18.4,15.1,20.7
2024-10-02,131,15.7,12.3,20.5
2024-10-03,131,13.3,10.5,16
2024-10-04,131,15.8,10.8,22.9
2024-10-05,131,17.5,11.6,23.7
2024-10-06,131,16.5,14,18.8
2024-10-07,131,17.6,15.6,20.1
2024-10-08,131,17.2,13.8,22.3
2024-10-09,131,19.1,13.9,24.4
2024-10-10,131,18,15.1,23.9
2024-10-11,131,17.9,13.1,24.3
2024-10-12,131,17.8,13,24.2
2024-10-13,131,18.5,12.3,24.1
2024-10-14,131,18.4,17.3,19.6
2024-10-15,131,18.9,17.2,20.5
2024-10-16,131,19.4,16.7,23.9
2024-10-17,131,19.1,14.3,25.6
2024-10-18,131,19.5,17.6,22.5
2024-10-19,131,17.5,13.8,22
2024-10-20,131,13.9,11.5,17.5
2024-10-21,131,14.7,9,19.4
2024-10-22,131,17.2,15.6,18.8
2024-10-23,131,14.8,12.1,18.8
2024-10-24,131,13.3,8.6,19
2024-10-25,131,15.4,9.1,22.6
2024-10-26,131,17.9,12,24.1
2024-10-27,131,16.2,14.3,19.7
2024-10-28,131,16,13,18.8
2024-10-29,131,16.3,13.1,21.1
2024-10-30,131,16.2,12,22
2024-10-31,131,16,10.6,23.1
2024-11-01,131,14.3,12.6,15.8
2024-11-02,131,18.1,13.1,24.1
2024-11-03,131,17.3,12.3,23.4
2024-11-04,131,15.7,10.8,21.3
2024-11-05,131,11,8,15.5
2024-11-06,131,8.8,4.5,14
2024-11-07,131,8.6,2,16.4
2024-11-08,131,11.5,4.3,18.8
2024-11-09,131,13.7,8.6,20
2024-11-10,131,14.5,10.6,21
2024-11-11,131,14.5,8.6,21.4
2024-11-12,131,14.7,11.3,20.1
2024-11-13,131,14.5,8.1,21.3
2024-11-14,131,15.5,11.5,20.2
2024-11-15,131,16.1,13.1,21.7
2024-11-16,131,17.5,12.1,23.6
2024-11-17,131,9.4,4.3,15.8
2024-11-18,131,3.9,1.2,8.2
2024-11-19,131,6.8,-0.5,14.1
2024-11-20,131,7.1,2,10.9
2024-11-21,131,10.1,6,14.2
2024-11-22,131,7.8,3.7,12
2024-11-23,131,6.3,1.5,12.6
2024-11-24,131,7.4,2,14.1
2024-11-25,131,10.5,3.4,17.2
2024-11-26,131,8.1,4.9,12.1
2024-11-27,131,1.9,0.4,4.9
2024-11-28,131,2.8,0.8,5.5
2024-11-29,131,2.5,-0.3,4.9
2024-11-30,131,4.6,0.6,7.5
2024-12-01,131,6.5,1.5,11.5
2024-12-02,131,8.4,2.7,16.2
2024-12-03,131,2.5,0.3,6.3
2024-12-04,131,3.7,0.8,7.7
2024-12-05,131,4.6,0.6,9
2024-12-06,131,4,1.6,7.9
2024-12-07,131,1.2,-1.9,5.4
2024-12-08,131,0.4,-2.8,4.5
2024-12-09,131,2.1,-3.5,6.3
2024-12-10,131,3.9,-0.3,8.1
2024-12-11,131,3.3,0.3,8
2024-12-12,131,1.7,-1.7,6.3
2024-12-13,131,1.5,-0.3,4.1
2024-12-14,131,0.6,-1.7,4.4
2024-12-15,131,1.5,-1,4.1
2024-12-16,131,2.1,-1.7,6.1
2024-12-17,131,1.3,-2,6.1
2024-12-18,131,-2,-4,1.5
2024-12-19,131,-1.8,-6.6,3.2
2024-12-20,131,0.8,-2.8,3.5
2024-12-21,131,0,-3.3,2.5
2024-12-22,131,-2.5,-5.9,1.8
2024-12-23,131,-0.2,-5.7,5.6
2024-12-24,131,0.8,-3,5.2
2024-12-25,131,2.3,-2.2,6
2024-12-26,131,1.9,-2.3,5.4
2024-12-27,131,-1.4,-4.4,1.3
2024-12-28,131,-2.3,-5.2,0.8
2024-12-29,131,1.9,-1.8,5.8
2024-12-30,131,5.8,2,10.3
2024-12-31,131,2.2,-1.2,6
2025-01-01,131,2.6,-3.3,9.1
2025-01-02,131,1.9,-2.3,7.5
2025-01-03,131,-0.2,-3.4,3.8
2025-01-04,131,0.7,-3.1,6.3
2025-01-05,131,2,-2,4.9
2025-01-06,131,2.2,-1.7,5.5
2025-01-07,131,-1.4,-3.6,1.4
2025-01-08,131,-2.3,-5.1,0.2
2025-01-09,131,-8.4,-11.4,-5
2025-01-10,131,-7.2,-12.9,-1.9
2025-01-11,131,-3.6,-6.5,-0.1
2025-01-12,131,-2.5,-7.9,3.2
2025-01-13,131,0.6,-5.5,5.5
2025-01-14,131,4,1.5,9.5
2025-01-15,131,-2.2,-3.8,1.8
2025-01-16,131,0.5,-4.3,5.4
2025-01-17,131,1.2,-2.3,6.5
2025-01-18,131,0.9,-4.5,7.1
2025-01-19,131,2.3,-4.2,9.1
2025-01-20,131,3.5,-0.4,7.9
2025-01-21,131,2.9,-1.2,8.1
2025-01-22,131,3.4,-1.2,9.3
2025-01-23,131,2.8,-2.1,9.8
2025-01-24,131,2.6,-3,9.3
2025-01-25,131,5,-0.5,10.5
2025-01-26,131,5.2,1.6,8.1
2025-01-27,131,0.2,-2.3,3.9
2025-01-28,131,-2,-3.8,0.2
2025-01-29,131,-3.4,-4.9,-0.8
2025-01-30,131,-2.3,-6.4,2
2025-01-31,131,0.7,-2.5,4.3
2025-02-01,131,2.9,0.8,7.2
2025-02-02,131,1.9,-2.1,8.2
2025-02-03,131,-2.3,-6.5,1.6
2025-02-04,131,-7.2,-9.2,-3.8
2025-02-05,131,-7.1,-10,-2.5
2025-02-06,131,-4.9,-10,0.3
2025-02-07,131,-6.6,-10,-2.3
2025-02-08,131,-7,-11,-2.9
2025-02-09,131,-4,-10,0.9
2025-02-10,131,-2.2,-6.1,1.5
2025-02-11,131,0.2,-6.9,7.1
2025-02-12,131,0.8,-1.3,4
2025-02-13,131,1.2,-3.5,6.8
2025-02-14,131,3.7,-2.6,10.7
2025-02-15,131,3.3,-2,8.1
2025-02-16,131,4.7,-1,11.2
2025-02-17,131,1,-2,4.9
2025-02-18,131,-1.2,-4,2.9
2025-02-19,131,-1.9,-5.2,2.1
2025-02-20,131,-2.1,-5.9,2.9
2025-02-21,131,-1.8,-5.5,3.4
2025-02-22,131,-1.6,-4.9,3.4
2025-02-23,131,-2.8,-5.7,1.3
2025-02-24,131,-1,-6.1,4.8
2025-02-25,131,1.7,-4.9,7
2025-02-26,131,4.9,1.6,10.5
2025-02-27,131,6.2,-2.8,15.2
2025-02-28,131,9.4,5.3,15.3
2025-03-01,131,6.9,3,9.1
2025-03-02,131,9,3.7,14.8
2025-03-03,131,3.1,0.6,4.9
2025-03-04,131,2.5,0.5,3.6
2025-03-05,131,4.8,2.4,7.2
2025-03-06,131,5.2,1.1,10.6
2025-03-07,131,5.9,-0.1,11.7
2025-03-08,131,6.9,4.1,11.3
2025-03-09,131,6.8,0.4,13.3
2025-03-10,131,8.6,1.8,16.1
2025-03-11,131,9.6,2.4,17.7
2025-03-12,131,10.2,5.9,16.9
2025-03-13,131,10.4,5.4,17
2025-03-14,131,12.8,4.6,21
2025-03-15,131,10.4,8,14.2
2025-03-16,131,4.5,1.2,8.1
2025-03-17,131,4,0.2,8.4
2025-03-18,131,1.9,-0.2,4
2025-03-19,131,3.4,-1,8.8
2025-03-20,131,7.9,-0.5,15.6
2025-03-21,131,12.7,6.1,21.5
2025-03-22,131,14.8,6.6,24.5
2025-03-23,131,16.5,8,26.1
2025-03-24,131,16.5,12.1,22.6
2025-03-25,131,15.5,11,26.1
2025-03-26,131,18.5,7,28.2
2025-03-27,131,15.3,7.3,22.1
2025-03-28,131,7.2,4.9,12.2
2025-03-29,131,3.7,1.3,8.2
2025-03-30,131,4.4,-0.8,9.1
2025-03-31,131,8.3,2.7,14.4
2025-04-01,131,10.4,3,18.2
2025-04-02,131,9.3,3.7,17.3
2025-04-03,131,9.2,2.2,16.8
2025-04-04,131,11.4,6.6,18.9
2025-04-05,131,9.5,7.6,12.6
2025-04-06,131,11.2,6,18.7
2025-04-07,131,14.3,5.6,21.5
2025-04-08,131,15.4,11.4,19.7
2025-04-09,131,14.1,6.5,20.7
2025-04-10,131,14.8,11.5,20.2
2025-04-11,131,16.7,7.9,25.5
2025-04-12,131,14.5,2.7,23.2
2025-04-13,131,5.5,1.2,9.8
2025-04-14,131,5.5,3.2,8.8
2025-04-15,131,9.4,3.6,15.8
2025-04-16,131,16,6,24.7
2025-04-17,131,22.5,15.6,28.5
2025-04-18,131,21.7,17.1,27.7
2025-04-19,131,20.5,13.9,26.5
2025-04-20,131,17.9,13.6,24.2
2025-04-21,131,21.7,14.6,27.7
2025-04-22,131,18.5,17.1,21.7
2025-04-23,131,17.9,13.1,24.6
2025-04-24,131,15.8,10.8,23.7
2025-04-25,131,13.4,8,19.1
2025-04-26,131,15.1,7,24.2
2025-04-27,131,17.3,10,23.6
2025-04-28,131,15.7,10.5,22.1
2025-04-29,131,15.6,8.1,23.1
2025-04-30,131,19.6,9.6,28.2
2025-05-01,131,15.5,11.8,21.6
2025-05-02,131,13.8,8.1,19.7
2025-05-03,131,10.4,8.1,14.5
2025-05-04,131,14.5,7.3,22.3
2025-05-05,131,12.9,8.1,16.6
2025-05-06,131,13.7,8.8,17.8
2025-05-07,131,15.2,8.8,22.2
2025-05-08,131,18.6,10.1,26
2025-05-09,131,16.2,13.8,18.6
2025-05-10,131,13,12.3,16.8
2025-05-11,131,15.6,12.5,20.8
2025-05-12,131,18,10.5,25.5
2025-05-13,131,20.3,12.3,27.9
2025-05-14,131,21.7,13.1,28.9
2025-05-15,131,21.1,18.3,24.2
2025-05-16,131,20.7,17.3,24.7
2025-05-17,131,19.9,16.6,26.1
2025-05-18,131,17.2,13.1,23.3
2025-05-19,131,18.9,11.5,23.3
2025-05-20,131,25.7,21.2,31.2
2025-05-21,131,26.3,22,31.2
2025-05-22,131,21.2,19,22.9
2025-05-23,131,20.1,16.7,24.4
2025-05-24,131,14.8,13.6,17.5
2025-05-25,131,17.9,12.3,24.1
2025-05-26,131,20.4,13.6,27.2
2025-05-27,131,21.3,14.6,27.4
2025-05-28,131,21.6,16.1,27.6
2025-05-29,131,21.1,15.5,27.6
2025-05-30,131,20.9,15.1,27
2025-05-31,131,21.3,15.3,26.7
2025-06-01,131,23,16.2,29.8
2025-06-02,131,21.1,19.2,23.7
2025-06-03,131,22.1,18,27.7
2025-06-04,131,21.3,15.4,28
2025-06-05,131,22.3,15.1,29.2
2025-06-06,131,24.1,19,31
2025-06-07,131,24.8,18.6,31.3
2025-06-08,131,26.4,22.8,31.9
2025-06-09,131,25.7,22,31.6
2025-06-10,131,24.4,19.8,28.9
2025-06-11,131,23.5,17.2,29.8
2025-06-12,131,25.2,19.1,31.3
2025-06-13,131,22.4,20.2,26.9
2025-06-14,131,23.9,19,30.4
2025-06-15,131,27,22,33.2
2025-06-16,131,25,22.4,28.6
2025-06-17,131,25.4,21.2,30.3
2025-06-18,131,26.4,21.2,31.6
2025-06-19,131,28.1,22.2,33.2
2025-06-20,131,25.2,23.2,28.5
2025-06-21,131,21.9,19.2,24
2025-06-22,131,24,18.6,30.1
2025-06-23,131,26.3,19.6,31.8
2025-06-24,131,23.5,19.2,28.2
2025-06-25,131,21.7,20.6,23.7
2025-06-26,131,23.1,20.3,27.3
2025-06-27,131,25.7,21.7,30.1
2025-06-28,131,27.7,24.6,31.4
2025-06-29,131,29.4,25.7,34
2025-06-30,131,29.8,25.3,34.5
2025-07-01,131,29.8,26.3,34.6
2025-07-02,131,30,26.7,34.2
2025-07-03,131,29.3,26,33.2
2025-07-04,131,28,25.3,31.6
2025-07-05,131,28.9,25.3,33.1
2025-07-06,131,29.4,26.2,33.5
2025-07-07,131,30.5,27,34.9
2025-07-08,131,31.7,27.7,36.3
2025-07-09,131,32.1,28.3,36
2025-07-10,131,31.3,26.7,35.7
2025-07-11,131,30,24.6,35.4
2025-07-12,131,29.2,24,34
2025-07-13,131,26.2,22.8,31.1
2025-07-14,131,23.4,21.6,29.8
2025-07-15,131,23.1,21.5,24.9
2025-07-16,131,23.6,22.2,25.6
2025-07-17,131,22.7,21.6,23.9
2025-07-18,131,25.8,22.1,29.8
2025-07-19,131,25.5,23.7,29.2
2025-07-20,131,28.7,24.2,33.2
2025-07-21,131,29.4,26,33.5
2025-07-22,131,29.7,26.2,34.2
2025-07-23,131,29.6,25,33.5
2025-07-24,131,30.7,26.1,35.9
2025-07-25,131,31.6,26,36.5
2025-07-26,131,32.1,27,36.4
2025-07-27,131,32.7,28,37
2025-07-28,131,31.9,28.5,36.6
2025-07-29,131,32.1,27.2,37
2025-07-30,131,32,27.8,36.2
2025-07-31,131,31.3,28.4,35.6
2025-08-01,131,31.3,27.1,36.5
2025-08-02,131,31.6,27.5,36.5
2025-08-03,131,28.2,23.1,32
2025-08-04,131,28.4,23.2,32.5
2025-08-05,131,29.6,25.7,34.2
2025-08-06,131,28.2,26.7,31.2
2025-08-07,131,27.9,25,32.2
2025-08-08,131,26.9,23.1,31.1
2025-08-09,131,25.1,23.2,27.2
2025-08-10,131,26.8,21.1,32.2
2025-08-11,131,25.4,23,28.6
2025-08-12,131,25.3,21,30.2
2025-08-13,131,27.6,24.2,32.2
2025-08-14,131,28.6,24.8,31.5
2025-08-15,131,28.3,25.7,32.7
2025-08-16,131,29,25.2,34.2
2025-08-17,131,28.9,24.7,33.2
2025-08-18,131,29.6,26.6,34.2
2025-08-19,131,29.8,27,34.1
2025-08-20,131,30,26.3,34.3
2025-08-21,131,30.6,27.2,35.1
2025-08-22,131,30,26.5,35
2025-08-23,131,30,26.1,35
2025-08-24,131,31,27.5,35.5
2025-08-25,131,30.6,27,35.2
2025-08-26,131,26.7,24.7,29.5
2025-08-27,131,27.9,23.8,32.9
2025-08-28,131,29.1,25.2,33.4
2025-08-29,131,29.8,26.7,33.7
2025-08-30,131,30,26.8,35
2025-08-31,131,28.9,25.8,34.3
2025-09-01,131,27.6,25.3,33
2025-09-02,131,26.5,23.7,30.3
2025-09-03,131,27.4,21.2,33.4
2025-09-04,131,27.4,25.5,30.9
2025-09-05,131,29,23.7,34.3
2025-09-06,131,28.6,24.4,33.6
2025-09-07,131,25.7,23,29.8
2025-09-08,131,23.4,20.1,26
2025-09-09,131,22.7,21.7,24.2
2025-09-10,131,24.8,20.2,30.2
2025-09-11,131,25.9,19.6,31.8
2025-09-12,131,23.4,21.3,27
2025-09-13,131,25.2,21.6,28.4
2025-09-14,131,26.1,23.5,29.5
2025-09-15,131,26.3,22.6,29.7
2025-09-16,131,26.4,24,31.7
2025-09-17,131,23.9,22.5,26.7
2025-09-18,131,22.9,21.5,27.1
2025-09-19,131,20.7,18,22.8
2025-09-20,131,20.6,17.7,23.7
2025-09-21,131,22.4,18.5,26.9
2025-09-22,131,22.1,18.6,25.7
2025-09-23,131,23.2,18.8,28
2025-09-24,131,23.7,19.7,28
2025-09-25,131,22.4,21.1,23.7
2025-09-26,131,22.6,19,27.3
2025-09-27,131,23.6,18.2,28.1
2025-09-28,131,20.6,19.8,23.6
2025-09-29,131,21.3,18.7,25.8
2025-09-30,131,20,16.7,24.1
2025-10-01,131,20.7,15.6,26.2
2025-10-02,131,22.1,18.5,25.8
2025-10-03,131,20.2,19.1,22.2
2025-10-04,131,21.8,19,25.5
2025-10-05,131,22,20.7,24.3
2025-10-06,131,20.2,17.6,22.7
2025-10-07,131,20.3,17.7,23.1
2025-10-08,131,22.4,19.7,26.3
2025-10-09,131,22.3,20.2,25.2
2025-10-10,131,21,19.5,24.7
2025-10-11,131,23.6,19.8,28.2
2025-10-12,131,20.7,18.1,23.7
2025-10-13,131,17.8,15.8,19.1
2025-10-14,131,18.2,15.3,21.5
2025-10-15,131,20.4,16.6,25.9
2025-10-16,131,20.3,17.7,24.3
2025-10-17,131,20.4,16.7,25.3
2025-10-18,131,17.2,15.6,19.1
2025-10-19,131,16.7,11.9,21.9
2025-10-20,131,12.1,7,17.1
2025-10-21,131,12,9.1,15.6
2025-10-22,131,14,8.8,19.3
2025-10-23,131,16.3,11.8,22.3
2025-10-24,131,16.1,11.5,21.5
2025-10-25,131,15.2,12.8,19.6
2025-10-26,131,13.6,11.6,17.5
2025-10-27,131,9.7,6.5,13.1
2025-10-28,131,9.3,4.5,15
2025-10-29,131,10.8,4.8,17.5
2025-10-30,131,11.5,6,17.1
2025-10-31,131,13.8,7.8,20.8
2025-11-01,131,13.7,9.6,18
2025-11-02,131,9.7,5.6,13.3
2025-11-03,131,7.5,1.6,14.1
2025-11-04,131,11.1,5.8,17.8
2025-11-05,131,11.4,6.1,18.7
2025-11-06,131,12.4,6.4,19.6
2025-11-07,131,14.5,8.6,20.7
2025-11-08,131,14.7,10.6,18.6
2025-11-09,131,14.1,10.6,19.2
2025-11-10,131,10,6.1,14.3
2025-11-11,131,9.1,3.5,15.5
2025-11-12,131,9.8,4.5,15.9
2025-11-13,131,10.4,4.5,18.1
2025-11-14,131,9.6,3.9,15.9
2025-11-15,131,9.1,3.2,16.1
2025-11-16,131,11.7,5.3,19.7
2025-11-17,131,5.6,2.2,11.6
2025-11-18,131,3.1,-0.7,7
2025-11-19,131,4.6,0.6,9.3
2025-11-20,131,8.6,1.7,15.6
2025-11-21,131,7.6,2.7,13.3
2025-11-22,131,9.4,4.1,15.4
2025-11-23,131,10,5.4,15
2025-11-24,131,12.3,7.5,17.6
2025-11-25,131,7.9,6.6,10.1
2025-11-26,131,7.9,4.7,11.7
2025-11-27,131,6,2.7,9.1
2025-11-28,131,3.9,0.8,8.3
2025-11-29,131,6.7,-0.9,14.3
2025-11-30,131,12.1,6.2,17.9
2025-12-01,131,8,4,12
2025-12-02,131,2.4,-2.5,6.6
2025-12-03,131,-3.9,-5.9,-0.9
2025-12-04,131,-2.3,-7.5,2.4
2025-12-05,131,-1.4,-4.7,3.2
2025-12-06,131,3.7,-4.5,9.1
2025-12-07,131,9.2,4,13.9
2025-12-08,131,5.2,1,9.3
2025-12-09,131,2.9,-2.2,8.6
2025-12-10,131,5.5,0,11.1
2025-12-11,131,5.1,-0.4,11.6
2025-12-12,131,3.3,-2.6,9.1
2025-12-13,131,3.9,0.8,7.6
2025-12-14,131,1.4,-0.3,4.1
2025-12-15,131,2.4,-1.7,5.4
2025-12-16,131,6.3,2.2,8.7
2025-12-17,131,5.5,1.7,8.8
2025-12-18,131,2.9,-1.7,8.4
2025-12-19,131,4.3,-0.5,9.6
2025-12-20,131,7.7,4,12.9
2025-12-21,131,0.5,-2.1,4
2025-12-22,131,-0.2,-5.7,5.9
2025-12-23,131,1.6,-1.8,4.8
2025-12-24,131,3.1,1,4.5
2025-12-25,131,-1.6,-6,2.7
2025-12-26,131,-6.5,-9.4,-2.8
2025-12-27,131,-2.4,-7,0.4
2025-12-28,131,4,0,8.1
2025-12-29,131,5.4,2.4,10.8
2025-12-30,131,0.9,-1.7,5.2
2025-12-31,131,-3.4,-6.5,-0.9
2026-01-01,131,-6.1,-9.4,-1.7
2026-01-02,131,-6.6,-10.4,-1.7
2026-01-03,131,-3.3,-9.7,0.8
2026-01-04,131,2.2,-1.2,6.3
2026-01-05,131,0,-2.6,3.9
2026-01-06,131,-0.6,-5.7,4.9
2026-01-07,131,0.8,-3.3,5
2026-01-08,131,-3.7,-6.2,0
2026-01-09,131,0.8,-7.6,6.5
2026-01-10,131,3.2,-3.1,8
2026-01-11,131,-5.1,-7,-1.9
2026-01-12,131,-1.9,-8.2,3
2026-01-13,131,-0.2,-4.9,4
2026-01-14,131,-1.3,-7.5,3
2026-01-15,131,6.4,1.7,13.4
2026-01-16,131,2.3,-1,7.8
2026-01-17,131,2.5,-1,7.1
2026-01-18,131,1.1,-4.1,4.4
2026-01-19,131,-1.8,-7.5,3.2
2026-01-20,131,-6.6,-9.4,-1.8
2026-01-21,131,-7.3,-9.7,-3.9
2026-01-22,131,-7.4,-11.7,-3.3
2026-01-23,131,-3.9,-9.7,1.1
2026-01-24,131,-3.5,-6.2,-0.4
2026-01-25,131,-4.5,-8,0.7
2026-01-26,131,-3.8,-9.2,1.3
2026-01-27,131,-2.7,-4.9,1
2026-01-28,131,-4.2,-7.9,1
2026-01-29,131,-3.1,-6,2.2
2026-01-30,131,-4.9,-8.2,-0.2
2026-01-31,131,-3.9,-9.4,1.9
2026-02-01,131,-1.5,-4.4,3.1
2026-02-02,131,-1.7,-3.7,1.2
2026-02-03,131,0,-5.9,6
2026-02-04,131,2.8,-0.9,7.8
2026-02-05,131,4.5,0.3,13
2026-02-06,131,-3.7,-6.1,0.4
2026-02-07,131,-6.2,-8.7,-2.4
2026-02-08,131,-7.2,-10.4,-3.1
2026-02-09,131,-2,-8.8,4.6
2026-02-10,131,1.7,-3.1,6.5
2026-02-11,131,3.2,0.1,6.3
2026-02-12,131,2.8,-2.6,9.1
2026-02-13,131,5.7,0.1,12.3
2026-02-14,131,7,1.4,14
2026-02-15,131,6.3,1.5,12.3
2026-02-16,131,2.6,-0.4,8.1
2026-02-17,131,2.3,-3.1,9.1
2026-02-18,131,2.5,-1.3,9.1
2026-02-19,131,2.9,-4,9.6
2026-02-20,131,6.1,-2.3,14.1
2026-02-21,131,10.9,1.2,18.9
2026-02-22,131,9.6,2,15.8
2026-02-23,131,3,-0.9,8.5
2026-02-24,131,1.2,-1.3,2.7
2026-02-25,131,5.5,-1.9,13.2
2026-02-26,131,8,2,12.7
2026-02-27,131,9.1,6,12.1
2026-02-28,131,8.3,2.4,16.2
2026-03-01,131,8.9,5.5,13.2
2026-03-02,131,6.5,4,8.3
2026-03-03,131,7,2.9,12.4
2026-03-04,131,6.8,2.5,12.6
2026-03-05,131,7.1,1.3,14.9
2026-03-06,131,2.1,0.6,5.1
2026-03-07,131,1.5,-1.7,6.6
2026-03-08,131,2.1,-3.1,8.5
2026-03-09,131,3.3,0.6,8.3
2026-03-10,131,4.2,-0.9,10.6
2026-03-11,131,5.1,-0.7,11.8
2026-03-12,131,6.9,0.6,14
2026-03-13,131,7.4,2.4,12.8
2026-03-14,131,7.8,2.4,13.7
2026-03-15,131,6.7,4.9,8.6
2026-03-16,131,7.8,1.3,15.1
2026-03-17,131,9.8,1.7,17.2
2026-03-18,131,6.4,4.8,9.6
2026-03-19,131,6.5,1.6,13.4
2026-03-20,131,7.8,0.8,15.4
2026-03-21,131,8.8,1.2,17.1
2026-03-22,131,10.8,4.5,18.5
2026-03-23,131,12.5,3.5,19.5
2026-03-24,131,13.7,8.5,19.6
2026-03-25,131,13.5,9.8,19.5
2026-03-26,131,13.8,6.8,22.2
2026-03-27,131,13.8,7.5,22.1
2026-03-28,131,13.3,6.5,21.6
2026-03-29,131,14,6.5,21.9
2026-03-30,131,14,10.1,19.6
2026-03-31,131,14.4,10.8,18
2026-04-01,131,13.4,9.6,17.3
2026-04-02,131,12.8,6.4,20
2026-04-03,131,15,6.7,22.9
2026-04-04,131,12.2,9,17
2026-04-05,131,12.3,7.1,19.1
2026-04-06,131,10.9,7.5,16.2
2026-04-07,131,8.7,4.1,13.9
2026-04-08,131,10.9,2.7,18.7
2026-04-09,131,11.5,9,14.3
2026-04-10,131,11.5,9.6,14.6